state,governor,net_approval,survey_end
Alabama,Kay Ivey (R-Ala.),20,2025-12-31
Alaska,Mike Dunleavy (R-Alaska),-11,2025-12-31
Arizona,Katie Hobbs (D-Ariz.),18,2025-12-31
Arkansas,Sarah Huckabee Sanders (R-Ark.),19,2025-12-31
California,Gavin Newsom (D-Calif.),26,2025-12-31
Colorado,Jared Polis (D-Colo.),21,2025-12-31
Connecticut,Ned Lamont (D-Conn.),33,2025-12-31
Delaware,Matt Meyer (D-Del.),34,2025-12-31
Florida,Ron DeSantis (R-Fla.),15,2025-12-31
Georgia,Brian Kemp (R-Ga.),32,2025-12-31
Hawaii,Josh Green (D-Hawaii),27,2025-12-31
Idaho,Brad Little (R-Idaho),30,2025-12-31
Illinois,J.B. Pritzker (D-Ill.),17,2025-12-31
Indiana,Mike Braun (R-Ind.),4,2025-12-31
Iowa,Kim Reynolds (R-Iowa),-6,2025-12-31
Kansas,Laura Kelly (D-Kan.),26,2025-12-31
Kentucky,Andy Beshear (D-Ky.),37,2025-12-31
Louisiana,Jeff Landry (R-La.),16,2025-12-31
Maine,Janet Mills (D-Maine),8,2025-12-31
Maryland,Wes Moore (D-Md.),33,2025-12-31
Massachusetts,Maura Healey (D-Mass.),33,2025-12-31
Michigan,Gretchen Whitmer (D-Mich.),25,2025-12-31
Minnesota,Tim Walz (D-Minn.),7,2025-12-31
Mississippi,Tate Reeves (R-Miss.),10,2025-12-31
Missouri,Mike Kehoe (R-Mo.),20,2025-12-31
Montana,Greg Gianforte (R-Mont.),19,2025-12-31
Nebraska,Jim Pillen (R-Neb.),6,2025-12-31
Nevada,Joe Lombardo (R-Nev.),18,2025-12-31
New Hampshire,Kelly Ayotte (R-N.H.),23,2025-12-31
New Jersey,Phil Murphy (D-N.J.),17,2025-12-31
New Mexico,Michelle Lujan Grisham (D-Ariz),16,2025-12-31
New York,Kathy Hochul (D-N.Y.),19,2025-12-31
North Carolina,Josh Stein (D-N.C.),31,2025-12-31
North Dakota,Kelly Armstrong (R-N.D.),39,2025-12-31
Ohio,Michael DeWine (R-Ohio),18,2025-12-31
Oklahoma,Kevin Stitt (R-Okla),6,2025-12-31
Oregon,Tina Kotek (D-Oreg.),6,2025-12-31
Pennsylvania,Josh Shapiro (D-Pa.),34,2025-12-31
Rhode Island,Daniel McKee (D-R.I.),12,2025-12-31
South Carolina,Henry McMaster (R-S.C.),18,2025-12-31
South Dakota,Larry Rhoden (R-S.D.),28,2025-12-31
Tennessee,Bill Lee (R-Tenn.),26,2025-12-31
Texas,Greg Abbott (R-Texas),12,2025-12-31
Utah,Spencer Cox (R-Utah),26,2025-12-31
Vermont,Phil Scott (R-Vt.),55,2025-12-31
Virginia,Glenn Youngkin (R-Va.),16,2025-12-31
Washington,Bob Ferguson (D-Wash.),27,2025-12-31
West Virginia,Patrick Morrisey (R-W.Va.),22,2025-12-31
Wisconsin,Tony Evers (D-Wis.),19,2025-12-31
Wyoming,Mark Gordon (R-Wyo.),42,2025-12-31
