SPONSORED BY GRASSROOTS ANALYTICS,,,,,,,,,,,,,,,,
Calculated by The Downballot,,,,Subscribe to our newsletter,,,,,,,Follow @the-downballot.com on Bluesky,,,,,
District,Incumbent,Party,,2024,,,,,,,2020,,,,,
,,,,Harris,Trump,Total,Harris %,Trump %,Margin,,Biden,Trump,Total,Biden %,Trump %,Margin
AK-AL,Nick Begich,(R),,"140,026","184,458","338,177",41.41%,54.54%,-13.14%,,"153,778","189,951","357,569",43.01%,53.12%,-10.12%
AL-01,Barry Moore,(R),,"103,117","220,873","326,952",31.54%,67.56%,-36.02%,,,,,,,
AL-02,Shomari Figures,(D),,"123,966","165,891","292,303",42.41%,56.75%,-14.34%,,,,,,,
AL-03,Mike Rogers,(R),,"82,654","229,676","314,869",26.25%,72.94%,-46.69%,,,,,,,
AL-04,Robert Aderholt,(R),,"53,098","267,953","323,449",16.42%,82.84%,-66.43%,,,,,,,
AL-05,Dale Strong,(R),,"122,344","224,704","351,650",34.79%,63.90%,-29.11%,,,,,,,
AL-06,Gary Palmer,(R),,"111,288","231,122","346,221",32.14%,66.76%,-34.61%,,,,,,,
AL-07,Terri Sewell,(D),,"175,944","122,397","300,907",58.47%,40.68%,17.80%,,,,,,,
AR-01,Rick Crawford,(R),,"72,183","196,035","273,446",26.40%,71.69%,-45.29%,,"80,516","197,832","286,792",28.07%,68.98%,-40.91%
AR-02,French Hill,(R),,"131,089","180,710","319,500",41.03%,56.56%,-15.53%,,"140,254","183,964","333,041",42.11%,55.24%,-13.12%
AR-03,Steve Womack,(R),,"112,073","189,161","309,672",36.19%,61.08%,-24.89%,,"110,479","180,794","300,274",36.79%,60.21%,-23.42%
AR-04,Bruce Westerman,(R),,"81,560","193,335","280,058",29.12%,69.03%,-39.91%,,"92,683","198,057","298,962",31.00%,66.25%,-35.25%
AZ-01,David Schweikert,(R),,"216,232","230,237","450,734",47.97%,51.08%,-3.11%,,"231,887","225,013","462,784",50.11%,48.62%,1.49%
AZ-02,Eli Crane,(R),,"174,969","237,306","416,477",42.01%,56.98%,-14.97%,,"183,714","215,659","405,633",45.29%,53.17%,-7.88%
AZ-03,Yassamin Ansari,(D),,"147,522","62,762","213,222",69.19%,29.44%,39.75%,,"170,840","54,754","229,285",74.51%,23.88%,50.63%
AZ-04,Greg Stanton,(D),,"182,893","159,723","347,506",52.63%,45.96%,6.67%,,"201,238","162,975","371,497",54.17%,43.87%,10.30%
AZ-05,Andy Biggs,(R),,"175,673","264,571","445,025",39.47%,59.45%,-19.98%,,"171,278","239,646","417,419",41.03%,57.41%,-16.38%
AZ-06,Juan Ciscomani,(R),,"216,024","219,323","440,175",49.08%,49.83%,-0.75%,,"214,896","214,580","436,079",49.28%,49.21%,0.07%
AZ-07,Adelita Grijalva,(D),,"170,352","108,028","281,685",60.48%,38.35%,22.13%,,"194,860","97,580","296,840",65.64%,32.87%,32.77%
AZ-08,Abe Hamadeh,(R),,"162,183","226,186","392,023",41.37%,57.70%,-16.33%,,"171,266","225,761","402,630",42.54%,56.07%,-13.53%
AZ-09,Paul Gosar,(R),,"137,012","262,106","402,472",34.04%,65.12%,-31.08%,,"132,165","225,719","363,126",36.40%,62.16%,-25.76%
CA-01,James Gallagher,(R),,"186,337","144,548","341,947",54.49%,42.27%,12.22%,,,,,,,
CA-02,Jared Huffman,(D),,"236,586","140,619","389,445",60.75%,36.11%,24.64%,,,,,,,
CA-03,Kevin Kiley,(I),,"195,618","158,363","366,674",53.35%,43.19%,10.16%,,,,,,,
CA-04,Mike Thompson,(D),,"191,846","141,949","344,131",55.75%,41.25%,14.50%,,,,,,,
CA-05,Tom McClintock,(R),,"139,318","214,442","362,880",38.39%,59.09%,-20.70%,,,,,,,
CA-06,Ami Bera,(D),,"176,946","148,674","336,566",52.57%,44.17%,8.40%,,,,,,,
CA-07,Doris Matsui,(D),,"189,995","145,560","346,796",54.79%,41.97%,12.81%,,,,,,,
CA-08,John Garamendi,(D),,"204,669","98,182","312,678",65.46%,31.40%,34.06%,,,,,,,
CA-09,Josh Harder,(D),,"145,369","114,699","268,495",54.14%,42.72%,11.42%,,,,,,,
CA-10,Mark DeSaulnier,(D),,"246,231","119,354","378,177",65.11%,31.56%,33.55%,,,,,,,
CA-11,Nancy Pelosi,(D),,"295,463","50,870","361,182",81.80%,14.08%,67.72%,,,,,,,
CA-12,Lateefah Simon,(D),,"269,144","33,875","318,388",84.53%,10.64%,73.89%,,,,,,,
CA-13,Adam Gray,(D),,"101,906","101,125","208,792",48.81%,48.43%,0.37%,,,,,,,
CA-14,Aisha Wahab,(D),,"186,745","87,471","285,569",65.39%,30.63%,34.76%,,,,,,,
CA-15,Kevin Mullin,(D),,"220,603","74,250","305,590",72.19%,24.30%,47.89%,,,,,,,
CA-16,Sam Liccardo,(D),,"246,022","82,261","340,419",72.27%,24.16%,48.11%,,,,,,,
CA-17,Ro Khanna,(D),,"177,917","74,911","264,340",67.31%,28.34%,38.97%,,,,,,,
CA-18,Zoe Lofgren,(D),,"148,835","81,258","237,523",62.66%,34.21%,28.45%,,,,,,,
CA-19,Jimmy Panetta,(D),,"246,254","116,802","376,248",65.45%,31.04%,34.41%,,,,,,,
CA-20,Vince Fong,(R),,"103,310","204,962","315,411",32.75%,64.98%,-32.23%,,,,,,,
CA-21,Jim Costa,(D),,"104,289","92,237","201,925",51.65%,45.68%,5.97%,,,,,,,
CA-22,David Valadao,(R),,"81,817","84,994","171,356",47.75%,49.60%,-1.85%,,,,,,,
CA-23,Jay Obernolte,(R),,"108,128","161,911","277,288",38.99%,58.39%,-19.40%,,,,,,,
CA-24,Salud Carbajal,(D),,"214,293","126,559","351,804",60.91%,35.97%,24.94%,,,,,,,
CA-25,Raul Ruiz,(D),,"140,058","124,338","270,412",51.79%,45.98%,5.81%,,,,,,,
CA-26,Julia Brownley,(D),,"193,294","140,781","343,771",56.23%,40.95%,15.28%,,,,,,,
CA-27,George Whitesides,(D),,"158,101","129,273","296,345",53.35%,43.62%,9.73%,,,,,,,
CA-28,Judy Chu,(D),,"199,379","116,724","326,913",60.99%,35.70%,25.28%,,,,,,,
CA-29,Luz Rivas,(D),,"156,025","75,625","239,016",65.28%,31.64%,33.64%,,,,,,,
CA-30,Laura Friedman,(D),,"233,119","96,524","341,310",68.30%,28.28%,40.02%,,,,,,,
CA-31,Gil Cisneros,(D),,"159,494","123,786","292,043",54.61%,42.39%,12.23%,,,,,,,
CA-32,Brad Sherman,(D),,"219,603","129,673","359,755",61.04%,36.04%,25.00%,,,,,,,
CA-33,Pete Aguilar,(D),,"132,891","108,565","248,705",53.43%,43.65%,9.78%,,,,,,,
CA-34,Jimmy Gomez,(D),,"156,729","48,090","214,525",73.06%,22.42%,50.64%,,,,,,,
CA-35,Norma Torres,(D),,"136,179","115,899","259,995",52.38%,44.58%,7.80%,,,,,,,
CA-36,Ted Lieu,(D),,"261,912","111,107","385,621",67.92%,28.81%,39.11%,,,,,,,
CA-37,Sydney Kamlager-Dove,(D),,"184,950","42,949","235,124",78.66%,18.27%,60.39%,,,,,,,
CA-38,Linda Sanchez,(D),,"142,634","110,393","261,716",54.50%,42.18%,12.32%,,,,,,,
CA-39,Mark Takano,(D),,"125,382","103,042","235,647",53.21%,43.73%,9.48%,,,,,,,
CA-40,Young Kim,(R),,"161,640","208,262","381,211",42.40%,54.63%,-12.23%,,,,,,,
CA-41,Ken Calvert,(R),,"172,854","128,694","311,081",55.57%,41.37%,14.20%,,,,,,,
CA-42,Robert Garcia,(D),,"192,323","146,391","349,703",55.00%,41.86%,13.13%,,,,,,,
CA-43,Maxine Waters,(D),,"162,845","53,434","223,448",72.88%,23.91%,48.96%,,,,,,,
CA-44,Nanette Barragan,(D),,"145,093","67,784","219,843",66.00%,30.83%,35.17%,,,,,,,
CA-45,Derek Tran,(D),,"151,772","139,943","300,410",50.52%,46.58%,3.94%,,,,,,,
CA-46,Lou Correa,(D),,"128,647","91,851","227,640",56.51%,40.35%,16.16%,,,,,,,
CA-47,Dave Min,(D),,"190,293","154,229","357,880",53.17%,43.10%,10.08%,,,,,,,
CA-48,Darrell Issa,(R),,"165,733","154,575","328,887",50.39%,47.00%,3.39%,,,,,,,
CA-49,Mike Levin,(D),,"211,077","164,262","386,796",54.57%,42.47%,12.10%,,,,,,,
CA-50,Scott Peters,(D),,"214,644","146,603","372,726",57.59%,39.33%,18.25%,,,,,,,
CA-51,Sara Jacobs,(D),,"205,156","140,215","355,711",57.67%,39.42%,18.26%,,,,,,,
CA-52,Juan Vargas,(D),,"156,713","108,809","272,674",57.47%,39.90%,17.57%,,,,,,,
CO-01,Diana DeGette,(D),,"280,661","75,479","365,908",76.70%,20.63%,56.07%,,"315,904","72,379","397,310",79.51%,18.22%,61.29%
CO-02,Joe Neguse,(D),,"295,692","123,973","431,634",68.51%,28.72%,39.78%,,"306,400","128,491","446,260",68.66%,28.79%,39.87%
CO-03,Jeff Hurd,(R),,"178,501","218,065","406,672",43.89%,53.62%,-9.73%,,"184,181","218,187","412,128",44.69%,52.94%,-8.25%
CO-04,Lauren Boebert,(R),,"182,901","267,114","461,367",39.64%,57.90%,-18.25%,,"174,553","256,585","442,183",39.48%,58.03%,-18.55%
CO-05,Jeff Crank,(R),,"165,522","199,615","375,301",44.10%,53.19%,-9.08%,,"160,880","198,614","373,408",43.08%,53.19%,-10.11%
CO-06,Jason Crow,(D),,"210,533","139,305","360,149",58.46%,38.68%,19.78%,,"232,517","141,195","383,771",60.59%,36.79%,23.80%
CO-07,Brittany Pettersen,(D),,"249,924","183,164","445,524",56.10%,41.11%,14.98%,,"256,166","190,987","459,940",55.70%,41.52%,14.17%
CO-08,Gabe Evans,(R),,"164,425","170,726","344,318",47.75%,49.58%,-1.83%,,"173,751","158,170","341,951",50.81%,46.26%,4.56%
CT-01,John Larson,(D),,"208,405","129,726","343,851",60.61%,37.73%,22.88%,,"227,830","126,759","359,895",63.30%,35.22%,28.08%
CT-02,Joe Courtney,(D),,"205,994","175,984","388,477",53.03%,45.30%,7.73%,,"214,158","169,366","391,348",54.72%,43.28%,11.45%
CT-03,Rosa DeLauro,(D),,"191,831","143,737","342,110",56.07%,42.01%,14.06%,,"213,122","142,174","359,820",59.23%,39.51%,19.72%
CT-04,Jim Himes,(D),,"206,080","127,034","338,387",60.90%,37.54%,23.36%,,"230,411","120,230","355,456",64.82%,33.82%,31.00%
CT-05,Jahana Hayes,(D),,"179,743","160,437","345,604",52.01%,46.42%,5.59%,,"195,160","156,762","357,217",54.63%,43.88%,10.75%
DE-AL,Sarah McBride,(D),,"289,758","214,351","511,697",56.63%,41.89%,14.74%,,"296,268","200,603","504,010",58.78%,39.80%,18.98%
FL-01,Jimmy Patronis,(R),,"130,210","287,054","421,568",30.89%,68.09%,-37.20%,,,,,,,
FL-02,Neal Dunn,(R),,"166,158","239,978","410,127",40.51%,58.51%,-18.00%,,,,,,,
FL-03,Kat Cammack,(R),,"155,748","240,137","399,639",38.97%,60.09%,-21.12%,,,,,,,
FL-04,Aaron Bean,(R),,"173,072","220,106","397,132",43.58%,55.42%,-11.84%,,,,,,,
FL-05,John Rutherford,(R),,"168,926","262,439","436,333",38.71%,60.15%,-21.43%,,,,,,,
FL-06,Randy Fine,(R),,"152,754","285,616","441,578",34.59%,64.68%,-30.09%,,,,,,,
FL-07,Cory Mills,(R),,"184,389","237,638","426,813",43.20%,55.68%,-12.48%,,,,,,,
FL-08,Mike Haridopolos,(R),,"177,979","247,784","430,519",41.34%,57.55%,-16.21%,,,,,,,
FL-09,Darren Soto,(D),,"152,204","218,731","374,281",40.67%,58.44%,-17.77%,,,,,,,
FL-10,Maxwell Frost,(D),,"183,316","111,658","298,720",61.37%,37.38%,23.99%,,,,,,,
FL-11,Daniel Webster,(R),,"187,154","257,599","449,051",41.68%,57.37%,-15.69%,,,,,,,
FL-12,Gus Bilirakis,(R),,"159,991","218,927","382,929",41.78%,57.17%,-15.39%,,,,,,,
FL-13,Anna Paulina Luna,(R),,"174,640","228,933","407,551",42.85%,56.17%,-13.32%,,,,,,,
FL-14,Kathy Castor,(D),,"171,479","212,233","387,748",44.22%,54.73%,-10.51%,,,,,,,
FL-15,Laurel Lee,(R),,"157,389","236,552","398,740",39.47%,59.32%,-19.85%,,,,,,,
FL-16,Vern Buchanan,(R),,"184,331","243,409","431,341",42.73%,56.43%,-13.70%,,,,,,,
FL-17,Greg Steube,(R),,"174,418","274,197","451,668",38.62%,60.71%,-22.09%,,,,,,,
FL-18,Scott Franklin,(R),,"152,345","215,207","370,821",41.08%,58.04%,-16.95%,,,,,,,
FL-19,Byron Donalds,(R),,"145,965","273,572","422,283",34.57%,64.78%,-30.22%,,,,,,,
FL-20,VACANT (Cherfilus-McCormick),(D),,"221,091","100,494","324,521",68.13%,30.97%,37.16%,,,,,,,
FL-21,Brian Mast,(R),,"186,001","259,006","448,209",41.50%,57.79%,-16.29%,,,,,,,
FL-22,Lois Frankel,(D),,"173,837","214,070","391,475",44.41%,54.68%,-10.28%,,,,,,,
FL-23,Jared Moskowitz,(D),,"190,174","143,874","337,102",56.41%,42.68%,13.73%,,,,,,,
FL-24,Frederica Wilson,(D),,"191,546","83,962","277,976",68.91%,30.20%,38.70%,,,,,,,
FL-25,Debbie Wasserman Schultz,(D),,"169,440","203,850","376,289",45.03%,54.17%,-9.14%,,,,,,,
FL-26,Mario Diaz-Balart,(R),,"131,758","191,736","326,115",40.40%,58.79%,-18.39%,,,,,,,
FL-27,Maria Elvira Salazar,(R),,"142,685","191,853","337,184",42.32%,56.90%,-14.58%,,,,,,,
FL-28,Carlos Gimenez,(R),,"124,039","209,509","335,833",36.93%,62.38%,-25.45%,,,,,,,
GA-01,Buddy Carter,(R),,"152,070","209,540","363,589",41.82%,57.63%,-15.81%,,"144,314","189,725","338,574",42.62%,56.04%,-13.41%
GA-02,Sanford Bishop,(D),,"169,577","145,474","316,317",53.61%,45.99%,7.62%,,"173,621","140,787","317,280",54.72%,44.37%,10.35%
GA-03,Brian Jack,(R),,"145,886","270,196","418,554",34.85%,64.55%,-29.70%,,"132,438","248,375","385,533",34.35%,64.42%,-30.07%
GA-04,Hank Johnson,(D),,"234,429","71,937","309,663",75.70%,23.23%,52.47%,,"248,593","65,346","317,482",78.30%,20.58%,57.72%
GA-05,Nikema Williams,(D),,"299,983","48,165","351,733",85.29%,13.69%,71.59%,,"298,038","45,300","347,583",85.75%,13.03%,72.71%
GA-06,Lucy McBath,(D),,"280,411","92,612","376,079",74.56%,24.63%,49.94%,,"272,649","90,780","367,715",74.15%,24.69%,49.46%
GA-07,Rich McCormick,(R),,"166,264","261,716","432,786",38.42%,60.47%,-22.06%,,"160,882","240,034","406,792",39.55%,59.01%,-19.46%
GA-08,Austin Scott,(R),,"119,340","225,184","345,955",34.50%,65.09%,-30.59%,,"117,889","209,159","330,441",35.68%,63.30%,-27.62%
GA-09,Andrew Clyde,(R),,"130,776","267,538","401,323",32.59%,66.66%,-34.08%,,"121,352","239,320","365,489",33.20%,65.48%,-32.28%
GA-10,Mike Collins,(R),,"162,887","249,036","414,479",39.30%,60.08%,-20.78%,,"146,057","226,098","376,859",38.76%,60.00%,-21.24%
GA-11,Barry Loudermilk,(R),,"159,023","257,070","420,016",37.86%,61.20%,-23.34%,,"149,016","234,589","390,136",38.20%,60.13%,-21.93%
GA-12,Rick Allen,(R),,"149,015","198,465","349,195",42.67%,56.84%,-14.16%,,"151,146","185,743","340,948",44.33%,54.48%,-10.15%
GA-13,Everton Blair,(D),,"257,537","103,350","364,212",70.71%,28.38%,42.33%,,"248,807","104,096","356,696",69.75%,29.18%,40.57%
GA-14,Clay Fuller,(R),,"120,819","262,833","386,145",31.29%,68.07%,-36.78%,,"108,830","242,501","356,187",30.55%,68.08%,-37.53%
HI-01,Ed Case,(D),,"153,039","91,498","248,840",61.50%,36.77%,24.73%,,"178,660","96,350","279,670",63.88%,34.45%,29.43%
HI-02,Jill Tokuda,(D),,"160,005","102,163","267,861",59.73%,38.14%,21.59%,,"187,470","100,514","294,799",63.59%,34.10%,29.50%
IA-01,Mariannette Miller-Meeks,(R),,"190,502","226,309","422,996",45.04%,53.50%,-8.47%,,"203,400","215,742","426,927",47.64%,50.53%,-2.89%
IA-02,Ashley Hinson,(R),,"186,017","227,941","419,694",44.32%,54.31%,-9.99%,,"203,246","222,312","433,378",46.90%,51.30%,-4.40%
IA-03,Zach Nunn,(R),,"199,043","217,645","422,161",47.15%,51.55%,-4.41%,,"205,591","207,043","420,101",48.94%,49.28%,-0.35%
IA-04,Randy Feenstra,(R),,"131,716","255,124","391,998",33.60%,65.08%,-31.48%,,"146,824","252,575","406,128",36.15%,62.19%,-26.04%
ID-01,Russ Fulcher,(R),,"126,556","343,893","482,249",26.24%,71.31%,-45.07%,,"132,085","302,868","447,457",29.52%,67.69%,-38.17%
ID-02,Mike Simpson,(R),,"148,416","261,353","422,563",35.12%,61.85%,-26.73%,,"154,936","251,251","419,904",36.90%,59.84%,-22.94%
IL-01,Jonathan Jackson,(D),,"214,180","109,215","327,524",65.39%,33.35%,32.05%,,"260,631","103,984","369,753",70.49%,28.12%,42.37%
IL-02,Robin Kelly,(D),,"196,188","97,557","297,831",65.87%,32.76%,33.12%,,"231,924","98,000","334,668",69.30%,29.28%,40.02%
IL-03,Delia Ramirez,(D),,"172,024","88,947","264,637",65.00%,33.61%,31.39%,,"207,342","84,147","297,395",69.72%,28.29%,41.42%
IL-04,Chuy Garcia,(D),,"133,997","74,150","211,284",63.42%,35.09%,28.33%,,"175,301","62,731","242,543",72.28%,25.86%,46.41%
IL-05,Mike Quigley,(D),,"254,128","115,335","373,934",67.96%,30.84%,37.12%,,"275,679","117,237","400,256",68.88%,29.29%,39.59%
IL-06,Sean Casten,(D),,"190,484","170,365","366,334",52.00%,46.51%,5.49%,,"216,368","173,185","396,914",54.51%,43.63%,10.88%
IL-07,Danny Davis,(D),,"227,588","46,357","277,166",82.11%,16.73%,65.39%,,"274,896","41,082","321,060",85.62%,12.80%,72.83%
IL-08,Raja Krishnamoorthi,(D),,"162,610","141,333","307,970",52.80%,45.89%,6.91%,,"189,430","138,017","333,628",56.78%,41.37%,15.41%
IL-09,Jan Schakowsky,(D),,"234,534","107,886","346,306",67.72%,31.15%,36.57%,,"267,524","108,596","382,482",69.94%,28.39%,41.55%
IL-10,Brad Schneider,(D),,"198,884","126,235","329,534",60.35%,38.31%,22.05%,,"220,357","128,416","355,522",61.98%,36.12%,25.86%
IL-11,Bill Foster,(D),,"198,860","157,499","361,856",54.96%,43.53%,11.43%,,"215,328","157,129","380,478",56.59%,41.30%,15.30%
IL-12,Mike Bost,(R),,"102,645","264,477","372,700",27.54%,70.96%,-43.42%,,"106,204","270,198","383,257",27.71%,70.50%,-42.79%
IL-13,Nikki Budzinski,(D),,"180,464","145,725","331,866",54.38%,43.91%,10.47%,,"195,393","155,142","358,904",54.44%,43.23%,11.21%
IL-14,Lauren Underwood,(D),,"173,949","156,554","335,428",51.86%,46.67%,5.19%,,"191,028","151,016","348,998",54.74%,43.27%,11.46%
IL-15,Mary Miller,(R),,"111,678","263,292","381,405",29.28%,69.03%,-39.75%,,"117,057","270,236","395,434",29.60%,68.34%,-38.74%
IL-16,Darin LaHood,(R),,"147,743","236,254","390,305",37.85%,60.53%,-22.68%,,"152,633","238,789","400,519",38.11%,59.62%,-21.51%
IL-17,Eric Sorensen,(D),,"162,905","147,899","316,290",51.50%,46.76%,4.74%,,"174,821","148,985","331,627",52.72%,44.93%,7.79%
IN-01,Frank Mrvan,(D),,"161,625","160,330","327,083",49.41%,49.02%,0.40%,,"181,832","153,364","340,700",53.37%,45.01%,8.36%
IN-02,Rudy Yakym,(R),,"107,778","187,182","299,603",35.97%,62.48%,-26.50%,,"117,687","187,968","311,424",37.79%,60.36%,-22.57%
IN-03,Marlin Stutzman,(R),,"107,772","207,946","321,172",33.56%,64.75%,-31.19%,,"111,650","209,890","328,584",33.98%,63.88%,-29.90%
IN-04,Jim Baird,(R),,"114,999","213,001","333,994",34.43%,63.77%,-29.34%,,"118,417","219,029","345,309",34.29%,63.43%,-29.14%
IN-05,Victoria Spartz,(R),,"150,105","212,150","369,170",40.66%,57.47%,-16.81%,,"151,397","210,212","369,022",41.03%,56.96%,-15.94%
IN-06,Jefferson Shreve,(R),,"107,012","212,902","325,612",32.86%,65.39%,-32.52%,,"109,391","215,307","331,748",32.97%,64.90%,-31.93%
IN-07,Andre Carson,(D),,"189,586","77,134","271,247",69.89%,28.44%,41.46%,,"213,498","84,813","303,734",70.29%,27.92%,42.37%
IN-08,Mark Messmer,(R),,"103,784","223,051","332,397",31.22%,67.10%,-35.88%,,"112,346","225,275","343,948",32.66%,65.50%,-32.83%
IN-09,Erin Houchin,(R),,"121,011","226,651","353,491",34.23%,64.12%,-29.88%,,"126,197","223,661","356,696",35.38%,62.70%,-27.32%
KS-01,Tracey Mann,(R),,"103,889","200,988","310,550",33.45%,64.72%,-31.27%,,"110,422","206,364","323,819",34.10%,63.73%,-29.63%
KS-02,Derek Schmidt,(R),,"120,738","181,316","307,903",39.21%,58.89%,-19.67%,,"130,954","183,352","321,754",40.70%,56.99%,-16.29%
KS-03,Sharice Davids,(D),,"203,405","187,105","397,590",51.16%,47.06%,4.10%,,"205,621","187,731","401,921",51.16%,46.71%,4.45%
KS-04,Ron Estes,(R),,"116,821","189,393","311,548",37.50%,60.79%,-23.29%,,"123,326","193,958","324,810",37.97%,59.71%,-21.75%
KY-01,James Comer,(R),,"88,125","250,232","342,750",25.71%,73.01%,-47.30%,,"98,100","248,460","351,824",27.88%,70.62%,-42.74%
KY-02,Brett Guthrie,(R),,"100,536","245,734","351,285",28.62%,69.95%,-41.33%,,"108,502","237,998","352,498",30.78%,67.52%,-36.74%
KY-03,Morgan McGarvey,(D),,"194,712","131,797","332,190",58.61%,39.68%,18.94%,,"220,429","138,649","365,965",60.23%,37.89%,22.35%
KY-04,Thomas Massie,(R),,"117,644","250,916","374,804",31.39%,66.95%,-35.56%,,"122,980","244,777","374,537",32.84%,65.35%,-32.52%
KY-05,Hal Rogers,(R),,"55,275","257,630","316,756",17.45%,81.33%,-63.88%,,"64,435","258,817","327,397",19.68%,79.05%,-59.37%
KY-06,Andy Barr,(R),,"147,751","201,185","355,524",41.56%,56.59%,-15.03%,,"158,028","197,944","363,215",43.51%,54.50%,-10.99%
LA-01,Steve Scalise,(R),,"108,441","246,801","361,900",29.96%,68.20%,-38.23%,,,,,,,
LA-02,Troy Carter,(D),,"222,904","77,618","306,729",72.67%,25.31%,47.37%,,,,,,,
LA-03,Clay Higgins,(R),,"105,523","226,788","336,856",31.33%,67.32%,-36.00%,,,,,,,
LA-04,Mike Johnson,(R),,"103,444","213,190","320,591",32.27%,66.50%,-34.23%,,,,,,,
LA-05,Julia Letlow,(R),,"103,796","212,946","320,662",32.37%,66.41%,-34.04%,,,,,,,
LA-06,Cleo Fields,(D),,"122,761","231,162","360,237",34.08%,64.17%,-30.09%,,,,,,,
MA-01,Richard Neal,(D),,"211,784","160,045","379,806",55.76%,42.14%,13.62%,,"235,190","150,037","393,141",59.82%,38.16%,21.66%
MA-02,Jim McGovern,(D),,"231,966","141,308","382,912",60.58%,36.90%,23.68%,,"254,528","132,546","395,665",64.33%,33.50%,30.83%
MA-03,Lori Trahan,(D),,"208,626","140,854","357,054",58.43%,39.45%,18.98%,,"233,536","131,375","372,676",62.66%,35.25%,27.41%
MA-04,Jake Auchincloss,(D),,"237,730","158,054","403,966",58.85%,39.13%,19.72%,,"263,669","145,121","416,487",63.31%,34.84%,28.46%
MA-05,Katherine Clark,(D),,"265,591","97,371","372,437",71.31%,26.14%,45.17%,,"298,842","94,405","399,703",74.77%,23.62%,51.15%
MA-06,Seth Moulton,(D),,"255,729","166,654","430,682",59.38%,38.70%,20.68%,,"283,226","158,963","450,070",62.93%,35.32%,27.61%
MA-07,Ayanna Pressley,(D),,"222,693","47,009","278,443",79.98%,16.88%,63.10%,,"269,381","41,245","314,904",85.54%,13.10%,72.45%
MA-08,Stephen Lynch,(D),,"242,623","139,502","390,362",62.15%,35.74%,26.42%,,"277,534","130,407","414,844",66.90%,31.44%,35.47%
MA-09,Bill Keating,(D),,"249,776","200,506","457,746",54.57%,43.80%,10.76%,,"266,296","183,101","457,586",58.20%,40.01%,18.18%
MD-01,Andy Harris,(R),,"171,555","243,356","424,523",40.41%,57.32%,-16.91%,,"171,268","230,930","410,539",41.72%,56.25%,-14.53%
MD-02,Johnny Olszewski,(D),,"227,194","154,843","392,005",57.96%,39.50%,18.46%,,"232,384","150,927","391,029",59.43%,38.60%,20.83%
MD-03,Sarah Elfreth,(D),,"249,542","151,360","413,154",60.40%,36.64%,23.76%,,"255,249","149,743","413,425",61.74%,36.22%,25.52%
MD-04,Glenn Ivey,(D),,"240,880","33,369","281,855",85.46%,11.84%,73.62%,,"271,589","26,247","302,947",89.65%,8.66%,80.99%
MD-05,Steny Hoyer,(D),,"280,941","138,217","428,752",65.53%,32.24%,33.29%,,"280,898","128,846","416,761",67.40%,30.92%,36.48%
MD-06,April McClain Delaney,(D),,"200,040","177,658","387,773",51.59%,45.81%,5.77%,,"200,375","163,848","371,676",53.91%,44.08%,9.83%
MD-07,Kweisi Mfume,(D),,"236,171","58,128","302,076",78.18%,19.24%,58.94%,,"251,751","54,327","310,936",80.97%,17.47%,63.49%
MD-08,Jamie Raskin,(D),,"296,254","78,619","385,512",76.85%,20.39%,56.45%,,"321,508","71,547","399,296",80.52%,17.92%,62.60%
ME-01,Chellie Pingree,(D),,"258,863","165,214","433,356",59.73%,38.12%,21.61%,,"258,001","159,932","430,096",59.99%,37.19%,22.80%
ME-02,Jared Golden,(D),,"176,789","212,763","397,438",44.48%,53.53%,-9.05%,,"177,070","200,803","389,278",45.49%,51.58%,-6.10%
MI-01,Jack Bergman,(R),,"187,850","290,869","485,753",38.67%,59.88%,-21.21%,,"182,977","274,971","465,104",39.34%,59.12%,-19.78%
MI-02,John Moolenaar,(R),,"151,066","283,908","441,509",34.22%,64.30%,-30.09%,,"145,196","262,155","414,538",35.03%,63.24%,-28.21%
MI-03,Hillary Scholten,(D),,"226,857","193,356","427,349",53.08%,45.25%,7.84%,,"222,098","186,701","416,906",53.27%,44.78%,8.49%
MI-04,Bill Huizenga,(R),,"201,773","225,809","434,160",46.47%,52.01%,-5.54%,,"196,696","213,155","417,516",47.11%,51.05%,-3.94%
MI-05,Tim Walberg,(R),,"151,092","265,192","422,272",35.78%,62.80%,-27.02%,,"150,368","248,430","405,836",37.05%,61.21%,-24.16%
MI-06,Debbie Dingell,(D),,"280,089","171,949","464,014",60.36%,37.06%,23.31%,,"286,146","164,381","456,503",62.68%,36.01%,26.67%
MI-07,Tom Barrett,(R),,"224,740","230,678","462,734",48.57%,49.85%,-1.28%,,"219,465","217,141","444,296",49.40%,48.87%,0.52%
MI-08,Kristen McDonald Rivet,(D),,"209,502","218,093","433,716",48.30%,50.28%,-1.98%,,"215,710","207,003","429,213",50.26%,48.23%,2.03%
MI-09,Lisa McClain,(R),,"161,552","319,082","487,198",33.16%,65.49%,-32.33%,,"160,590","297,475","464,737",34.56%,64.01%,-29.45%
MI-10,John James,(R),,"199,324","227,882","436,216",45.69%,52.24%,-6.55%,,"209,969","214,177","429,829",48.85%,49.83%,-0.98%
MI-11,Haley Stevens,(D),,"262,389","188,361","460,276",57.01%,40.92%,16.08%,,"273,915","182,229","462,280",59.25%,39.42%,19.83%
MI-12,Rashida Tlaib,(D),,"249,017","106,983","374,126",66.56%,28.60%,37.96%,,"285,642","97,508","387,609",73.69%,25.16%,48.54%
MI-13,Shri Thanedar,(D),,"231,273","94,471","333,169",69.42%,28.36%,41.06%,,"252,697","83,907","340,610",74.19%,24.63%,49.56%
MN-01,Brad Finstad,(R),,"167,186","213,794","388,291",43.06%,55.06%,-12.00%,,"172,285","208,058","388,718",44.32%,53.52%,-9.20%
MN-02,Angie Craig,(D),,"220,555","195,780","424,818",51.92%,46.09%,5.83%,,"221,003","190,819","420,650",52.54%,45.36%,7.18%
MN-03,Kelly Morrison,(D),,"251,783","161,925","422,632",59.57%,38.31%,21.26%,,"258,543","167,402","434,448",59.51%,38.53%,20.98%
MN-04,Betty McCollum,(D),,"251,495","117,085","376,783",66.75%,31.07%,35.67%,,"268,967","119,722","396,499",67.84%,30.19%,37.64%
MN-05,Ilhan Omar,(D),,"292,800","65,271","367,777",79.61%,17.75%,61.87%,,"319,407","69,135","396,493",80.56%,17.44%,63.12%
MN-06,Tom Emmer,(R),,"168,603","253,253","430,366",39.18%,58.85%,-19.67%,,"165,862","238,872","413,782",40.08%,57.73%,-17.64%
MN-07,Michelle Fischbach,(R),,"123,652","269,504","399,799",30.93%,67.41%,-36.48%,,"128,550","260,007","395,801",32.48%,65.69%,-33.21%
MN-08,Pete Stauber,(R),,"180,905","242,420","430,450",42.03%,56.32%,-14.29%,,"182,461","230,050","420,814",43.36%,54.67%,-11.31%
MO-01,Wesley Bell,(D),,"244,275","64,567","314,220",77.74%,20.55%,57.19%,,"278,269","71,037","355,000",78.39%,20.01%,58.38%
MO-02,Ann Wagner,(R),,"196,255","230,556","433,971",45.22%,53.13%,-7.90%,,"198,823","232,845","438,960",45.29%,53.04%,-7.75%
MO-03,Bob Onder,(R),,"146,055","254,638","406,388",35.94%,62.66%,-26.72%,,"142,584","247,108","397,210",35.90%,62.21%,-26.31%
MO-04,Mark Alford,(R),,"106,163","265,110","375,940",28.24%,70.52%,-42.28%,,"109,920","257,315","374,598",29.34%,68.69%,-39.35%
MO-05,Emanuel Cleaver,(D),,"205,020","126,971","337,623",60.72%,37.61%,23.12%,,"217,895","125,686","350,584",62.15%,35.85%,26.30%
MO-06,Sam Graves,(R),,"114,818","263,613","382,953",29.98%,68.84%,-38.85%,,"115,548","255,727","377,863",30.58%,67.68%,-37.10%
MO-07,Eric Burlison,(R),,"105,495","265,470","375,382",28.10%,70.72%,-42.62%,,"103,423","254,241","364,374",28.38%,69.77%,-41.39%
MO-08,Jason Smith,(R),,"82,518","281,060","367,119",22.48%,76.56%,-54.08%,,"86,552","274,779","366,570",23.61%,74.96%,-51.35%
MS-01,Trent Kelly,(R),,"99,872","219,885","324,057",30.82%,67.85%,-37.03%,,"111,535","217,291","333,728",33.42%,65.11%,-31.69%
MS-02,Bennie Thompson,(D),,"170,917","112,590","286,455",59.67%,39.30%,20.36%,,"208,159","121,206","333,247",62.46%,36.37%,26.09%
MS-03,Michael Guest,(R),,"113,023","207,443","323,626",34.92%,64.10%,-29.18%,,"128,386","212,321","345,011",37.21%,61.54%,-24.33%
MS-04,Mike Ezell,(R),,"82,856","207,826","293,870",28.19%,70.72%,-42.53%,,"91,318","205,946","301,772",30.26%,68.25%,-37.98%
MT-01,Ryan Zinke,(R),,"137,405","174,604","322,059",42.66%,54.21%,-11.55%,,"143,417","165,189","316,603",45.30%,52.18%,-6.88%
MT-02,Troy Downing,(R),,"94,501","177,475","280,904",33.64%,63.18%,-29.54%,,"101,369","178,413","287,037",35.32%,62.16%,-26.84%
NC-01,Don Davis,(D),,"182,616","230,734","416,748",43.82%,55.37%,-11.55%,,,,,,,
NC-02,Deborah Ross,(D),,"271,376","132,352","410,662",66.08%,32.23%,33.85%,,,,,,,
NC-03,Greg Murphy,(R),,"147,727","194,854","345,647",42.74%,56.37%,-13.63%,,,,,,,
NC-04,Valerie Foushee,(D),,"312,671","115,458","435,313",71.83%,26.52%,45.30%,,,,,,,
NC-05,Virginia Foxx,(R),,"165,367","237,737","407,131",40.62%,58.39%,-17.78%,,,,,,,
NC-06,Addison McDowell,(R),,"159,318","226,306","390,326",40.82%,57.98%,-17.16%,,,,,,,
NC-07,David Rouzer,(R),,"188,984","250,257","443,261",42.63%,56.46%,-13.82%,,,,,,,
NC-08,Mark Harris,(R),,"162,688","241,935","408,938",39.78%,59.16%,-19.38%,,,,,,,
NC-09,Richard Hudson,(R),,"158,667","219,161","381,829",41.55%,57.40%,-15.84%,,,,,,,
NC-10,Pat Harrigan,(R),,"168,721","242,317","415,176",40.64%,58.36%,-17.73%,,,,,,,
NC-11,Chuck Edwards,(R),,"196,320","238,092","439,574",44.66%,54.16%,-9.50%,,,,,,,
NC-12,Alma Adams,(D),,"254,841","91,752","352,991",72.19%,25.99%,46.20%,,,,,,,
NC-13,Brad Knott,(R),,"175,125","245,091","424,917",41.21%,57.68%,-16.47%,,,,,,,
NC-14,Tim Moore,(R),,"170,950","232,364","407,378",41.96%,57.04%,-15.08%,,,,,,,
ND-AL,Julie Fedorchak,(R),,"112,327","246,505","365,059",30.77%,67.52%,-36.76%,,"114,902","235,595","359,890",31.93%,65.46%,-33.54%
NE-01,Mike Flood,(R),,"136,153","177,666","318,304",42.77%,55.82%,-13.04%,,"136,956","171,957","316,440",43.28%,54.34%,-11.06%
NE-02,Don Bacon,(R),,"163,541","148,905","316,690",51.64%,47.02%,4.62%,,"163,239","143,429","312,940",52.16%,45.83%,6.33%
NE-03,Adrian Smith,(R),,"70,301","238,245","312,165",22.52%,76.32%,-53.80%,,"74,388","241,459","322,332",23.08%,74.91%,-51.83%
NH-01,Chris Pappas,(D),,"208,186","199,942","411,957",50.54%,48.53%,2.00%,,"210,310","186,410","403,198",52.16%,46.23%,5.93%
NH-02,Maggie Goodlander,(D),,"210,302","195,581","410,159",51.27%,47.68%,3.59%,,"214,627","179,250","400,635",53.57%,44.74%,8.83%
NJ-01,Donald Norcross,(D),,"220,600","150,098","376,377",58.61%,39.88%,18.73%,,"247,693","149,375","402,495",61.54%,37.11%,24.43%
NJ-02,Jeff Van Drew,(R),,"166,360","214,917","386,844",43.00%,55.56%,-12.55%,,"192,481","212,664","410,535",46.89%,51.80%,-4.92%
NJ-03,Herb Conaway,(D),,"212,712","179,400","398,668",53.36%,45.00%,8.36%,,"248,284","186,603","440,666",56.34%,42.35%,14.00%
NJ-04,Chris Smith,(R),,"142,650","268,072","416,430",34.26%,64.37%,-30.12%,,"163,106","259,059","427,724",38.13%,60.57%,-22.43%
NJ-05,Josh Gottheimer,(D),,"200,624","194,528","402,838",49.80%,48.29%,1.51%,,"240,209","186,611","432,269",55.57%,43.17%,12.40%
NJ-06,Frank Pallone,(D),,"167,151","146,484","321,741",51.95%,45.53%,6.42%,,"197,825","133,268","335,439",58.98%,39.73%,19.25%
NJ-07,Tom Kean,(R),,"216,349","221,591","446,499",48.45%,49.63%,-1.17%,,"235,951","218,151","461,600",51.12%,47.26%,3.86%
NJ-08,Rob Menendez,(D),,"135,328","81,523","222,455",60.83%,36.65%,24.19%,,"173,894","64,633","241,039",72.14%,26.81%,45.33%
NJ-09,Nellie Pou,(D),,"137,598","140,858","286,539",48.02%,49.16%,-1.14%,,"185,603","126,054","315,019",58.92%,40.01%,18.90%
NJ-10,LaMonica McIver,(D),,"196,329","62,565","263,460",74.52%,23.75%,50.77%,,"234,076","53,928","290,354",80.62%,18.57%,62.04%
NJ-11,Analilia Mejia,(D),,"219,563","183,688","411,672",53.33%,44.62%,8.71%,,"252,859","178,835","437,161",57.84%,40.91%,16.93%
NJ-12,Bonnie Watson Coleman,(D),,"205,449","124,491","339,201",60.57%,36.70%,23.87%,,"236,355","114,094","355,052",66.57%,32.13%,34.43%
NM-01,Melanie Stansbury,(D),,"194,851","150,029","353,920",55.06%,42.39%,12.66%,,"201,158","149,225","359,557",55.95%,41.50%,14.44%
NM-02,Gabe Vasquez,(D),,"130,539","135,451","271,659",48.05%,49.86%,-1.81%,,"137,449","121,889","264,675",51.93%,46.05%,5.88%
NM-03,Teresa Leger Fernandez,(D),,"153,411","137,911","297,824",51.51%,46.31%,5.20%,,"163,007","130,780","299,733",54.38%,43.63%,10.75%
NV-01,Dina Titus,(D),,"168,452","160,877","335,276",50.24%,47.98%,2.26%,,"172,621","144,973","324,286",53.23%,44.71%,8.53%
NV-02,Mark Amodei,(R),,"176,315","235,008","421,161",41.86%,55.80%,-13.94%,,"173,063","217,348","401,970",43.05%,54.07%,-11.02%
NV-03,Susie Lee,(D),,"187,997","190,836","385,188",48.81%,49.54%,-0.74%,,"190,167","166,069","363,064",52.38%,45.74%,6.64%
NV-04,Steven Horsford,(D),,"172,433","164,484","343,215",50.24%,47.92%,2.32%,,"167,635","141,501","316,056",53.04%,44.77%,8.27%
NY-01,Nick LaLota,(R),,"190,070","233,206","429,463",44.26%,54.30%,-10.04%,,"207,858","215,362","428,299",48.53%,50.28%,-1.75%
NY-02,Andrew Garbarino,(R),,"153,928","204,363","362,137",42.51%,56.43%,-13.93%,,"176,297","185,233","365,862",48.19%,50.63%,-2.44%
NY-03,Tom Suozzi,(D),,"178,099","194,286","378,302",47.08%,51.36%,-4.28%,,"216,926","172,453","393,286",55.16%,43.85%,11.31%
NY-04,Laura Gillen,(D),,"194,428","189,465","388,579",50.04%,48.76%,1.28%,,"223,909","166,538","394,485",56.76%,42.22%,14.54%
NY-05,Gregory Meeks,(D),,"170,189","68,170","242,000",70.33%,28.17%,42.16%,,"216,607","49,624","267,734",80.90%,18.53%,62.37%
NY-06,Grace Meng,(D),,"109,480","96,065","209,347",52.30%,45.89%,6.41%,,"149,718","81,324","232,973",64.26%,34.91%,29.36%
NY-07,Nydia Velazquez,(D),,"168,187","60,343","235,013",71.56%,25.68%,45.89%,,"199,115","48,083","249,547",79.79%,19.27%,60.52%
NY-08,Hakeem Jeffries,(D),,"170,067","64,988","238,931",71.18%,27.20%,43.98%,,"203,603","57,647","262,973",77.42%,21.92%,55.50%
NY-09,Yvette Clarke,(D),,"173,762","71,900","250,858",69.27%,28.66%,40.61%,,"204,222","63,657","269,726",75.71%,23.60%,52.11%
NY-10,Dan Goldman,(D),,"218,940","51,536","276,966",79.05%,18.61%,60.44%,,"242,638","40,374","285,858",84.88%,14.12%,70.76%
NY-11,Nicole Malliotakis,(R),,"100,628","167,092","272,725",36.90%,61.27%,-24.37%,,"134,698","157,208","294,600",45.72%,53.36%,-7.64%
NY-12,Jerry Nadler,(D),,"273,954","58,314","339,053",80.80%,17.20%,63.60%,,"291,127","47,209","341,717",85.20%,13.82%,71.38%
NY-13,Adriano Espaillat,(D),,"188,808","46,800","239,540",78.82%,19.54%,59.28%,,"242,303","30,463","274,962",88.12%,11.08%,77.04%
NY-14,Alexandria Ocasio-Cortez,(D),,"131,879","67,385","203,123",64.93%,33.17%,31.75%,,"178,061","50,782","230,638",77.20%,22.02%,55.19%
NY-15,Ritchie Torres,(D),,"137,445","47,283","186,840",73.56%,25.31%,48.26%,,"184,830","31,368","217,537",84.96%,14.42%,70.55%
NY-16,George Latimer,(D),,"216,167","108,141","326,298",66.25%,33.14%,33.11%,,"240,156","91,069","334,406",71.82%,27.23%,44.58%
NY-17,Mike Lawler,(R),,"194,302","192,139","389,343",49.91%,49.35%,0.56%,,"210,419","171,537","386,305",54.47%,44.40%,10.07%
NY-18,Pat Ryan,(D),,"190,672","178,297","371,412",51.34%,48.01%,3.33%,,"196,151","163,003","364,815",53.77%,44.68%,9.09%
NY-19,Josh Riley,(D),,"194,147","187,279","384,909",50.44%,48.66%,1.78%,,"196,149","179,038","382,878",51.23%,46.76%,4.47%
NY-20,Paul Tonko,(D),,"211,181","158,272","373,934",56.48%,42.33%,14.15%,,"224,446","151,042","383,264",58.56%,39.41%,19.15%
NY-21,Elise Stefanik,(R),,"140,758","214,512","357,087",39.42%,60.07%,-20.65%,,"146,580","202,300","355,821",41.19%,56.85%,-15.66%
NY-22,John Mannion,(D),,"194,091","166,358","362,520",53.54%,45.89%,7.65%,,"202,853","160,638","371,578",54.59%,43.23%,11.36%
NY-23,Nick Langworthy,(R),,"154,446","237,489","395,169",39.08%,60.10%,-21.01%,,"160,038","232,952","401,042",39.91%,58.09%,-18.18%
NY-24,Claudia Tenney,(R),,"143,256","229,987","375,663",38.13%,61.22%,-23.09%,,"146,388","222,914","377,792",38.75%,59.00%,-20.26%
NY-25,Joe Morelle,(D),,"220,540","151,196","375,956",58.66%,40.22%,18.44%,,"231,293","150,712","390,473",59.23%,38.60%,20.64%
NY-26,Tim Kennedy,(D),,"200,098","134,624","339,786",58.89%,39.62%,19.27%,,"218,507","129,475","354,198",61.69%,36.55%,25.14%
OH-01,Greg Landsman,(D),,"191,603","201,912","397,245",48.23%,50.83%,-2.60%,,,,,,,
OH-02,David Taylor,(R),,"107,317","265,831","376,021",28.54%,70.70%,-42.16%,,,,,,,
OH-03,Joyce Beatty,(D),,"249,431","105,242","358,345",69.61%,29.37%,40.24%,,,,,,,
OH-04,Jim Jordan,(R),,"111,939","280,926","396,332",28.24%,70.88%,-42.64%,,,,,,,
OH-05,Bob Latta,(R),,"145,963","238,011","387,529",37.67%,61.42%,-23.75%,,,,,,,
OH-06,Michael Rulli,(R),,"118,027","244,558","365,517",32.29%,66.91%,-34.62%,,,,,,,
OH-07,Max Miller,(R),,"187,657","234,764","425,993",44.05%,55.11%,-11.06%,,,,,,,
OH-08,Warren Davidson,(R),,"167,929","230,832","402,581",41.71%,57.34%,-15.62%,,,,,,,
OH-09,Marcy Kaptur,(D),,"168,625","208,946","381,140",44.24%,54.82%,-10.58%,,,,,,,
OH-10,Mike Turner,(R),,"172,976","202,499","379,148",45.62%,53.41%,-7.79%,,,,,,,
OH-11,Shontel Brown,(D),,"247,406","70,879","320,576",77.18%,22.11%,55.07%,,,,,,,
OH-12,Troy Balderson,(R),,"141,593","265,025","410,145",34.52%,64.62%,-30.09%,,,,,,,
OH-13,Emilia Sykes,(D),,"199,820","186,969","390,353",51.19%,47.90%,3.29%,,,,,,,
OH-14,Dave Joyce,(R),,"162,914","247,100","413,435",39.40%,59.77%,-20.36%,,,,,,,
OH-15,Mike Carey,(R),,"160,501","196,623","360,656",44.50%,54.52%,-10.02%,,,,,,,
OK-01,Kevin Hern,(R),,"120,251","188,080","314,998",38.18%,59.71%,-21.53%,,"121,877","190,291","320,384",38.04%,59.39%,-21.35%
OK-02,Josh Brecheen,(R),,"69,690","250,807","325,621",21.40%,77.02%,-55.62%,,"71,996","243,602","321,500",22.39%,75.77%,-53.38%
OK-03,Frank Lucas,(R),,"71,499","195,379","272,017",26.28%,71.83%,-45.54%,,"72,507","194,433","273,182",26.54%,71.17%,-44.63%
OK-04,Tom Cole,(R),,"100,216","202,952","309,092",32.42%,65.66%,-33.24%,,"101,711","199,240","308,407",32.98%,64.60%,-31.62%
OK-05,Stephanie Bice,(R),,"137,942","198,995","344,446",40.05%,57.77%,-17.72%,,"135,799","192,715","337,226",40.27%,57.15%,-16.88%
OR-01,Suzanne Bonamici,(D),,"245,504","107,459","365,289",67.21%,29.42%,37.79%,,"268,141","113,977","392,100",68.39%,29.07%,39.32%
OR-02,Cliff Bentz,(R),,"128,285","227,462","365,481",35.10%,62.24%,-27.14%,,"139,315","232,311","380,527",36.61%,61.05%,-24.44%
OR-03,Maxine Dexter,(D),,"248,772","88,286","349,066",71.27%,25.29%,45.98%,,"280,510","97,552","386,700",72.54%,25.23%,47.31%
OR-04,Val Hoyle,(D),,"211,870","164,979","388,781",54.50%,42.43%,12.06%,,"224,343","172,448","407,431",55.06%,42.33%,12.74%
OR-05,Janelle Bynum,(D),,"217,317","182,131","411,960",52.75%,44.21%,8.54%,,"225,723","188,094","424,112",53.22%,44.35%,8.87%
OR-06,Andrea Salinas,(D),,"188,852","149,163","348,891",54.13%,42.75%,11.38%,,"202,351","154,067","366,361",55.23%,42.05%,13.18%
PA-01,Brian Fitzpatrick,(R),,"235,106","233,595","473,307",49.67%,49.35%,0.32%,,"241,484","219,852","466,243",51.79%,47.15%,4.64%
PA-02,Brendan Boyle,(D),,"198,759","93,169","295,441",67.28%,31.54%,35.74%,,"221,374","88,089","311,819",70.99%,28.25%,42.74%
PA-03,Dwight Evans,(D),,"346,947","42,317","394,010",88.06%,10.74%,77.32%,,"357,581","36,721","396,651",90.15%,9.26%,80.89%
PA-04,Madeleine Dean,(D),,"268,429","194,501","467,793",57.38%,41.58%,15.80%,,"269,159","182,686","456,857",58.92%,39.99%,18.93%
PA-05,Mary Gay Scanlon,(D),,"267,143","147,243","418,792",63.79%,35.16%,28.63%,,"276,153","140,480","420,263",65.71%,33.43%,32.28%
PA-06,Chrissy Houlahan,(D),,"234,605","186,113","425,061",55.19%,43.79%,11.41%,,"235,154","174,191","414,329",56.76%,42.04%,14.71%
PA-07,Ryan Mackenzie,(R),,"196,712","209,881","410,973",47.86%,51.07%,-3.20%,,"197,117","194,660","396,503",49.71%,49.09%,0.62%
PA-08,Rob Bresnahan,(R),,"177,063","210,245","390,434",45.35%,53.85%,-8.50%,,"183,189","194,267","381,336",48.04%,50.94%,-2.91%
PA-09,Dan Meuser,(R),,"121,820","272,975","398,386",30.58%,68.52%,-37.94%,,"119,969","261,281","386,871",31.01%,67.54%,-36.53%
PA-10,Scott Perry,(R),,"192,758","214,297","411,782",46.81%,52.04%,-5.23%,,"188,632","205,148","399,568",47.21%,51.34%,-4.13%
PA-11,Lloyd Smucker,(R),,"160,194","248,332","412,566",38.83%,60.19%,-21.36%,,"153,327","237,723","397,039",38.62%,59.87%,-21.26%
PA-12,Summer Lee,(D),,"253,699","171,382","429,050",59.13%,39.94%,19.19%,,"255,322","169,617","429,696",59.42%,39.47%,19.95%
PA-13,John Joyce,(R),,"110,815","298,877","413,001",26.83%,72.37%,-45.54%,,"107,198","288,121","400,132",26.79%,72.01%,-45.22%
PA-14,Guy Reschenthaler,(R),,"138,813","279,274","421,084",32.97%,66.32%,-33.36%,,"138,892","268,695","412,038",33.71%,65.21%,-31.50%
PA-15,Glenn Thompson,(R),,"121,693","272,691","397,753",30.60%,68.56%,-37.96%,,"119,459","263,001","387,754",30.81%,67.83%,-37.02%
PA-16,Mike Kelly,(R),,"159,531","254,619","417,676",38.19%,60.96%,-22.77%,,"158,730","242,664","406,695",39.03%,59.67%,-20.64%
PA-17,Chris Deluzio,(D),,"238,954","213,797","457,096",52.28%,46.77%,5.50%,,"237,707","211,205","454,479",52.30%,46.47%,5.83%
RI-01,Gabe Amo,(D),,"140,825","88,794","234,822",59.97%,37.81%,22.16%,,"152,956","83,225","239,685",63.82%,34.72%,29.09%
RI-02,Seth Magaziner,(D),,"144,331","125,612","275,837",52.32%,45.54%,6.79%,,"154,530","116,697","275,313",56.13%,42.39%,13.74%
SC-01,Nancy Mace,(R),,"171,105","223,189","400,369",42.74%,55.75%,-13.01%,,"171,781","204,848","383,006",44.85%,53.48%,-8.63%
SC-02,Joe Wilson,(R),,"154,783","205,695","365,954",42.30%,56.21%,-13.91%,,"161,002","199,780","366,492",43.93%,54.51%,-10.58%
SC-03,Sheri Biggs,(R),,"99,185","252,655","356,369",27.83%,70.90%,-43.06%,,"106,461","236,981","348,346",30.56%,68.03%,-37.47%
SC-04,William Timmons,(R),,"132,540","216,077","354,343",37.40%,60.98%,-23.58%,,"138,171","202,545","347,082",39.81%,58.36%,-18.55%
SC-05,Ralph Norman,(R),,"141,510","226,473","373,054",37.93%,60.71%,-22.77%,,"147,073","213,484","365,450",40.24%,58.42%,-18.17%
SC-06,Jim Clyburn,(D),,"189,648","118,611","313,271",60.54%,37.86%,22.68%,,"219,768","111,769","336,352",65.34%,33.23%,32.11%
SC-07,Russell Fry,(R),,"139,681","241,046","384,780",36.30%,62.65%,-26.34%,,"147,285","215,696","366,601",40.18%,58.84%,-18.66%
SD-AL,Dusty Johnson,(R),,"146,859","272,081","428,922",34.24%,63.43%,-29.19%,,"150,471","261,043","422,609",35.61%,61.77%,-26.16%
TN-01,Diana Harshbarger,(R),,"71,649","273,159","348,378",20.57%,78.41%,-57.84%,,,,,,,
TN-02,Tim Burchett,(R),,"118,769","242,922","366,738",32.39%,66.24%,-33.85%,,,,,,,
TN-03,Chuck Fleischmann,(R),,"114,326","244,099","363,212",31.48%,67.21%,-35.73%,,,,,,,
TN-04,Scott DesJarlais,(R),,"113,665","186,545","304,625",37.31%,61.24%,-23.92%,,,,,,,
TN-05,Andy Ogles,(R),,"118,678","191,148","314,014",37.79%,60.87%,-23.08%,,,,,,,
TN-06,John Rose,(R),,"130,625","226,645","362,088",36.08%,62.59%,-26.52%,,,,,,,
TN-07,Matt Van Epps,(R),,"137,704","218,702","361,621",38.08%,60.48%,-22.40%,,,,,,,
TN-08,David Kustoff,(R),,"126,043","190,777","321,369",39.22%,59.36%,-20.14%,,,,,,,
TN-09,Steve Cohen,(D),,"124,805","192,867","321,897",38.77%,59.92%,-21.14%,,,,,,,
TX-01,Nathaniel Moran,(R),,"80,862","241,964","325,197",24.87%,74.41%,-49.54%,,,,,,,
TX-02,Dan Crenshaw,(R),,"127,853","204,813","336,883",37.95%,60.80%,-22.84%,,,,,,,
TX-03,Keith Self,(R),,"136,992","223,426","368,925",37.13%,60.56%,-23.43%,,,,,,,
TX-04,Pat Fallon,(R),,"134,683","225,234","366,423",36.76%,61.47%,-24.71%,,,,,,,
TX-05,Lance Gooden,(R),,"113,123","176,357","292,447",38.68%,60.30%,-21.62%,,,,,,,
TX-06,Jake Ellzey,(R),,"116,801","187,665","309,019",37.80%,60.73%,-22.93%,,,,,,,
TX-07,Lizzie Fletcher,(D),,"153,470","93,876","254,346",60.34%,36.91%,23.43%,,,,,,,
TX-08,Morgan Luttrell,(R),,"109,554","194,737","308,175",35.55%,63.19%,-27.64%,,,,,,,
TX-09,Al Green,(D),,"78,360","117,461","197,551",39.67%,59.46%,-19.79%,,,,,,,
TX-10,Michael McCaul,(R),,"134,089","213,901","352,462",38.04%,60.69%,-22.64%,,,,,,,
TX-11,August Pfluger,(R),,"94,204","194,660","292,136",32.25%,66.63%,-34.39%,,,,,,,
TX-12,Craig Goldman,(R),,"117,738","192,720","313,973",37.50%,61.38%,-23.88%,,,,,,,
TX-13,Ronny Jackson,(R),,"80,112","220,273","303,401",26.40%,72.60%,-46.20%,,,,,,,
TX-14,Randy Weber,(R),,"124,939","206,368","335,083",37.29%,61.59%,-24.30%,,,,,,,
TX-15,Monica De La Cruz,(R),,"92,602","133,305","227,763",40.66%,58.53%,-17.87%,,,,,,,
TX-16,Veronica Escobar,(D),,"131,985","94,333","229,164",57.59%,41.16%,16.43%,,,,,,,
TX-17,Pete Sessions,(R),,"123,152","192,421","319,807",38.51%,60.17%,-21.66%,,,,,,,
TX-18,Christian Menefee,(D),,"186,785","53,113","243,159",76.82%,21.84%,54.97%,,,,,,,
TX-19,Jodey Arrington,(R),,"66,869","212,716","282,163",23.70%,75.39%,-51.69%,,,,,,,
TX-20,Joaquin Castro,(D),,"144,232","79,589","226,547",63.67%,35.13%,28.53%,,,,,,,
TX-21,Chip Roy,(R),,"159,498","249,916","413,976",38.53%,60.37%,-21.84%,,,,,,,
TX-22,Troy Nehls,(R),,"126,555","201,006","334,308",37.86%,60.13%,-22.27%,,,,,,,
TX-23,VACANT (Gonzales),(R),,"133,974","181,162","318,247",42.10%,56.92%,-14.83%,,,,,,,
TX-24,Beth Van Duyne,(R),,"153,071","213,066","371,849",41.16%,57.30%,-16.13%,,,,,,,
TX-25,Roger Williams,(R),,"115,616","189,996","308,938",37.42%,61.50%,-24.08%,,,,,,,
TX-26,Brandon Gill,(R),,"144,975","237,258","387,287",37.43%,61.26%,-23.83%,,,,,,,
TX-27,Michael Cloud,(R),,"125,717","194,406","323,547",38.86%,60.09%,-21.23%,,,,,,,
TX-28,Henry Cuellar,(D),,"88,388","109,037","198,843",44.45%,54.84%,-10.38%,,,,,,,
TX-29,Sylvia Garcia,(D),,"115,999","61,308","179,633",64.58%,34.13%,30.45%,,,,,,,
TX-30,Jasmine Crockett,(D),,"177,408","62,649","243,308",72.91%,25.75%,47.17%,,,,,,,
TX-31,John Carter,(R),,"134,738","211,396","350,339",38.46%,60.34%,-21.88%,,,,,,,
TX-32,Julie Johnson,(D),,"129,765","187,174","322,779",40.20%,57.99%,-17.79%,,,,,,,
TX-33,Marc Veasey,(D),,"136,369","68,173","208,214",65.49%,32.74%,32.75%,,,,,,,
TX-34,Vicente Gonzalez,(D),,"106,939","131,299","240,225",44.52%,54.66%,-10.14%,,,,,,,
TX-35,Greg Casar,(D),,"133,334","164,830","301,076",44.29%,54.75%,-10.46%,,,,,,,
TX-36,Brian Babin,(R),,"115,202","193,288","312,445",36.87%,61.86%,-24.99%,,,,,,,
TX-37,Lloyd Doggett,(D),,"252,341","67,677","326,198",77.36%,20.75%,56.61%,,,,,,,
TX-38,Wesley Hunt,(R),,"136,856","210,921","354,063",38.65%,59.57%,-20.92%,,,,,,,
UT-01,Blake Moore,(R),,"197,686","120,327","327,439",60.37%,36.75%,23.63%,,,,,,,
UT-02,Celeste Maloy,(R),,"125,234","232,185","368,805",33.96%,62.96%,-29.00%,,,,,,,
UT-03,Mike Kennedy,(R),,"108,469","268,284","386,198",28.09%,69.47%,-41.38%,,,,,,,
UT-04,Burgess Owens,(R),,"131,176","263,022","405,509",32.35%,64.86%,-32.51%,,,,,,,
VA-01,Rob Wittman,(R),,"227,038","250,959","484,061",46.90%,51.84%,-4.94%,,"215,574","244,413","466,892",46.17%,52.35%,-6.18%
VA-02,Jen Kiggans,(R),,"203,279","204,307","412,555",49.27%,49.52%,-0.25%,,"201,896","194,173","402,884",50.11%,48.20%,1.92%
VA-03,Bobby Scott,(D),,"213,026","102,168","319,745",66.62%,31.95%,34.67%,,"230,576","101,134","337,411",68.34%,29.97%,38.36%
VA-04,Jennifer McClellan,(D),,"251,005","125,941","382,432",65.63%,32.93%,32.70%,,"260,886","122,375","388,140",67.21%,31.53%,35.69%
VA-05,John McGuire,(R),,"191,726","246,040","442,168",43.36%,55.64%,-12.28%,,"194,989","230,682","431,686",45.17%,53.44%,-8.27%
VA-06,Ben Cline,(R),,"154,344","252,669","411,692",37.49%,61.37%,-23.88%,,"133,543","208,274","347,395",38.44%,59.95%,-21.51%
VA-07,Eugene Vindman,(D),,"203,204","191,696","402,228",50.52%,47.66%,2.86%,,"204,951","178,472","389,585",52.61%,45.81%,6.80%
VA-08,Don Beyer,(D),,"285,003","92,724","386,512",73.74%,23.99%,49.75%,,"305,118","84,142","394,439",77.35%,21.33%,56.02%
VA-09,Morgan Griffith,(R),,"112,209","291,608","407,182",27.56%,71.62%,-44.06%,,"114,163","282,093","401,051",28.47%,70.34%,-41.87%
VA-10,Suhas Subramanyam,(D),,"221,123","186,190","417,946",52.91%,44.55%,8.36%,,"238,976","164,941","410,021",58.28%,40.23%,18.06%
VA-11,James Walkinshaw,(D),,"273,439","130,784","416,054",65.72%,31.43%,34.29%,,"295,688","121,172","422,707",69.95%,28.67%,41.29%
VT-AL,Becca Balint,(D),,"235,791","119,395","366,389",64.36%,32.59%,31.77%,,"242,820","112,704","365,486",66.44%,30.84%,35.60%
WA-01,Suzan DelBene,(D),,"232,691","126,084","371,555",62.63%,33.93%,28.69%,,"250,877","130,740","392,183",63.97%,33.34%,30.63%
WA-02,Rick Larsen,(D),,"254,400","154,441","422,346",60.23%,36.57%,23.67%,,"263,073","162,798","437,403",60.14%,37.22%,22.93%
WA-03,Marie Gluesenkamp Perez,(D),,"197,986","211,907","421,693",46.95%,50.25%,-3.30%,,"196,218","213,902","420,817",46.63%,50.83%,-4.20%
WA-04,Dan Newhouse,(R),,"119,032","183,219","310,462",38.34%,59.01%,-20.67%,,"130,107","184,863","323,034",40.28%,57.23%,-16.95%
WA-05,Michael Baumgartner,(R),,"173,909","217,375","402,950",43.16%,53.95%,-10.79%,,"180,838","222,224","415,270",43.55%,53.51%,-9.97%
WA-06,Emily Randall,(D),,"251,826","168,264","433,649",58.07%,38.80%,19.27%,,"253,641","177,178","444,191",57.10%,39.89%,17.21%
WA-07,Pramila Jayapal,(D),,"373,392","47,188","434,984",85.84%,10.85%,74.99%,,"395,386","51,351","455,644",86.78%,11.27%,75.51%
WA-08,Kim Schrier,(D),,"218,294","193,710","425,522",51.30%,45.52%,5.78%,,"226,804","197,508","435,843",52.04%,45.32%,6.72%
WA-09,Adam Smith,(D),,"219,426","88,121","318,654",68.86%,27.65%,41.21%,,"255,762","94,177","357,484",71.55%,26.34%,45.20%
WA-10,Marilyn Strickland,(D),,"204,893","140,614","357,020",57.39%,39.39%,18.00%,,"216,906","149,910","378,511",57.31%,39.61%,17.70%
WI-01,Bryan Steil,(R),,"189,560","207,736","403,219",47.01%,51.52%,-4.51%,,"190,050","197,950","393,706",48.27%,50.28%,-2.01%
WI-02,Mark Pocan,(D),,"324,784","136,735","468,398",69.34%,29.19%,40.15%,,"310,866","125,928","442,951",70.18%,28.43%,41.75%
WI-03,Derrick Van Orden,(R),,"191,708","222,857","421,044",45.53%,52.93%,-7.40%,,"185,088","203,589","395,551",46.79%,51.47%,-4.68%
WI-04,Gwen Moore,(D),,"258,176","80,483","344,679",74.90%,23.35%,51.55%,,"260,145","78,292","342,657",75.92%,22.85%,53.07%
WI-05,Scott Fitzgerald,(R),,"183,713","290,101","480,204",38.26%,60.41%,-22.15%,,"175,986","282,390","464,784",37.86%,60.76%,-22.89%
WI-06,Glenn Grothman,(R),,"175,452","245,778","426,849",41.10%,57.58%,-16.48%,,"171,949","237,088","415,757",41.36%,57.03%,-15.67%
WI-07,Tom Tiffany,(R),,"167,604","266,844","441,048",38.00%,60.50%,-22.50%,,"165,850","250,173","422,463",39.26%,59.22%,-19.96%
WI-08,Tony Wied,(R),,"177,232","247,092","429,772",41.24%,57.49%,-16.26%,,"170,932","234,773","412,078",41.48%,56.97%,-15.49%
WV-01,Carol Miller,(R),,"98,066","259,831","364,662",26.89%,71.25%,-44.36%,,"112,947","273,523","392,576",28.77%,69.67%,-40.90%
WV-02,Riley Moore,(R),,"116,243","273,725","397,728",29.23%,68.82%,-39.60%,,"123,037","271,859","402,076",30.60%,67.61%,-37.01%
WY-AL,Harriet Hageman,(R),,"69,527","192,633","266,353",26.10%,72.32%,-46.22%,,"73,491","193,559","275,026",26.72%,70.38%,-43.66%