pollster_rating_id,pollster,predictive_plus_minus,grade,banned,poll_count,simple_expected_error,mean_reverted_bias
3,The Washington Post,-1.08889322928101,A+,False,98,4.76648309157182,0.898110183950046
195,Marquette University Law School,-0.997216552332652,A/B,False,17,5.78600218346478,0.315453730426913
280,Research & Polling Inc.,-0.975258217424919,A+,False,44,5.52114702911163,-0.549445063674689
239,OnMessage Inc.,-0.85028832134266,A,False,32,5.00219352646662,-1.2251531942114
73,Data Orbital,-0.830547622429035,A/B,False,18,4.80115434497835,0.0793885495412968
144,TIPP Insights,-0.81192813084434,A,False,51,3.90549921256446,-0.0709929356322073
67,Cygnal,-0.803649255224584,A,False,58,5.03756983536118,2.03756231279151
448,The New York Times/Siena College,-0.795082466884628,A,False,116,5.10832696748808,1.41210767186513
215,Monmouth University,-0.771857782112619,A,False,131,6.17299686894912,2.00131207962639
325,SurveyUSA,-0.657403534780541,A,False,871,5.59164227074627,0.0857383692326714
36,CBS News/The New York Times,-0.652180723633365,A,False,66,5.42937704064439,0.268312939742812
260,Public Opinion Strategies,-0.641125238754557,A,False,80,5.6110401897008,-1.27871083699196
546,AtlasIntel,-0.635847472679303,A,False,93,4.18350935913251,-0.0358319693274074
88,Emerson College,-0.609817668905669,A,False,320,5.4390081580185,0.607427861122691
305,Siena College,-0.603876305722577,A,False,67,5.48554890365361,0.118913422010709
219,Muhlenberg College,-0.577189412693227,A-,False,36,5.28300391397054,-0.109281081158076
407,Echelon Insights,-0.552316717558545,A-,False,19,4.98865685852472,-0.193408120105661
360,University of North Florida,-0.543171515191341,A/B,False,14,6.15147972181643,1.58047880928655
103,Beacon Research/Shaw & Co. Research,-0.532383581668509,A-,False,63,5.62891270236467,1.34434153228505
221,Hart Research Associates/Public Opinion Strategies,-0.525293937327362,A-,False,37,4.86908536369158,0.850347502612311
262,Public Policy Institute of California,-0.5244823780283,A/B,False,18,6.21191403692506,-0.995122786564738
129,Grove Insight,-0.520332822235565,A/B,False,29,5.00799796505743,0.465241853993245
198,MassINC Polling Group,-0.496136602804775,A/B,False,22,6.01270399542907,-0.54868830029026
323,Suffolk University,-0.49578322744986,A-,False,112,6.14726227270058,0.705052532540398
326,Susquehanna Polling & Research Inc.,-0.445994679153995,A-,False,56,5.38877305131543,0.432925389549481
126,Greenberg Quinlan Rosner,-0.445560074560352,A-,False,62,5.2168186798237,2.18368888103882
197,Mason-Dixon Polling & Strategy,-0.439340563892198,A-,False,446,5.43781010667496,-0.503748033840583
166,Landmark Communications,-0.409596821059096,A-,False,41,5.248100982595,0.826271073578225
183,Marist College,-0.402126108497093,A-,False,213,5.96653645665961,0.521216028993554
13,Angus Reid Global,-0.394997835184523,A/B,False,32,4.75192963896128,-0.977437876196535
224,National Journal,-0.387442874574623,A/B,False,12,5.06124323954624,-0.110097635153056
385,The Winston Group,-0.382927626497525,A/B,False,11,5.17640728761451,1.03216921278758
172,Los Angeles Times,-0.38115693910683,A/B,False,37,6.3851244562018,-0.135851530604907
317,Stockton University,-0.378612956828267,A/B,False,12,5.288493657277,0.84282686516447
127,Greenberg Quinlan Rosner/American Viewpoint,-0.377745885345516,A/B,False,8,5.37094461039473,-0.519041533299298
355,University of Massachusetts Lowell,-0.371150572581428,A-,False,38,5.89486466141934,1.28526833986269
553,Concord Public Opinion Partners,-0.351183254417224,A/B,False,4,5.95474200061518,-0.0187133660820617
50,Christopher Newport University,-0.340174575763465,A/B,False,16,5.30778945161836,0.814425272758352
347,University of Connecticut,-0.340136300891197,A/B,False,11,5.60995186459476,-0.12579478391375
87,Elway Research,-0.33098673174187,A/B,False,21,5.70552843896124,0.632288140456592
333,Tarrance Group,-0.320549422740127,A/B,False,32,6.17664035696095,-0.872001182935769
94,Field Research Corp. (Field Poll),-0.318579199439208,A/B,False,25,5.94877527301869,-0.549050060247805
92,Fairleigh Dickinson University,-0.317499855428511,A/B,False,22,5.25875369110124,0.0180041633403048
113,Garin-Hart-Yang Research Group,-0.296916859521955,A-,False,33,5.53398224563712,1.73337404643867
380,Western New England University,-0.286294644359905,A/B,False,11,5.70963640037162,-0.316615777908519
235,OH Predictive Insights,-0.281940068560031,B+,False,22,5.1995146722264,0.550645716729122
104,Opinion Dynamics,-0.267157188067129,A/B,False,34,4.97307270159205,-0.248833750925332
155,Alaska Survey Research,-0.264490402996862,A/B,False,16,5.26491388534252,1.76971438023357
258,Princeton Survey Research Associates International,-0.263479239171164,A/B,False,35,5.14115504344544,0.384084839613188
114,Lake Research Partners/The Tarrance Group,-0.261701219236118,A/B,False,33,4.54910371840399,-0.595111598180823
86,Elon University,-0.25633151862115,A/B,False,8,4.61992889320614,0.362612214106425
225,National Research,-0.246709377203981,A/B,False,15,6.02239100279777,-0.347150082696145
7,Abt Associates,-0.234681040773908,A/B,False,13,5.24064898079278,0.671243282957766
254,Pharos Research Group,-0.23285975764661,F,True,33,4.87745010787361,0.678281815114548
457,University of California Berkeley,-0.2276672614192,A/B,False,8,5.39828788961426,0.322010993790484
320,Strategic Vision LLC,-0.217849611396116,F,True,133,5.11002539064698,-1.41427993327001
115,GfK Group,-0.21491151323539,A/B,False,21,4.7881329390882,0.186358488939675
267,Quinnipiac University,-0.211051863913876,B+,False,229,5.53691635023728,0.585083222930001
79,Dittman Research,-0.206114193341016,A/B,False,10,5.3454980935506,0.81492639069713
336,Temple University,-0.202527953038312,A/B,False,6,5.58894039316597,-0.165399537514733
463,Michigan State University,-0.190021492311229,A/B,False,2,7.30228197868668,-0.035545262377926
304,Selzer,-0.181226324643493,B+,False,59,5.98229822343782,1.26788188831623
106,Franklin & Marshall College,-0.181122859547477,A/B,False,25,5.94683713144451,0.560578238312857
160,KRC Research,-0.179102939842737,A/B,False,22,6.79187377008016,0.0650724518209033
90,"Fabrizio, Lee & Associates",-0.173074591490647,A/B,False,11,5.55152935134567,-0.300313732453903
272,RKM Research and Communications Inc.,-0.160724834549411,A/B,False,35,6.43359855929252,-0.105073644122458
770,Florida Atlantic University/Mainstreet Research,-0.152291093128715,B+,False,25,8.3351961985275,1.36071428571428
233,North Star Opinion Research,-0.134045900822892,A/B,False,13,5.90339507670364,-0.626975089679053
112,Gallup,-0.124398896999561,B+,False,84,5.04185054206118,-0.565183631625436
757,KAConsulting,-0.111829469850037,A/B,False,12,5.54234798632456,-1.66534340339791
428,Public Religion Research Institute,-0.111054167129179,A/B,False,1,5.70695182755615,0.0090211581623533
494,Saint Anselm College,-0.110694829312071,A/B,False,14,5.05869430763651,-0.27550859232751
372,Vox Populi Polling,-0.107711740011386,A/B,False,19,5.0967212816279,0.330298774892911
261,Public Opinion Strategies/Hamilton Campaigns (Texas Credit Union League),-0.102842212596924,A/B,False,2,11.1228903619384,
387,Wirthlin Worldwide,-0.101333616307066,A/B,False,4,5.69074107419653,-0.133586462832714
345,University of Arkansas,-0.0940202624531774,A/B,False,10,5.17231786332901,0.897245861919431
117,Glengariff Group,-0.0932102175997707,A/B,False,16,5.53751257679542,0.839298203409068
28,Belden Russonello,-0.0851180384272221,A/B,False,3,5.36178121927413,0.0413302676157283
149,Indiana University,-0.0845072645111219,A/B,False,2,5.75944837294558,0.020599827151994
164,Knowledge Networks,-0.0813370808523375,A/B,False,4,4.96664814487057,0.246817726200042
173,Louis Harris & Associates,-0.066808978921477,A/B,False,2,4.89799788239642,0.0142416544735421
270,RAND (American Life Panel),-0.0608705951584255,A/B,False,4,3.40663330908144,0.133390957387497
84,EPIC-MRA,-0.0520780503947952,B+,False,58,5.61744757480977,0.219656077481577
165,Lake Research Partners,-0.050489037021077,A/B,False,12,5.35654260483827,0.652524584370106
349,University of Florida,-0.0450756212767706,A/B,False,1,4.86477196318967,0.0280167476940672
236,Ohio State University,-0.0412725080447943,A/B,False,1,4.73932851244809,-0.0353815687494407
123,Gordon S. Black Corp.,-0.0411216168431603,A/B,False,2,5.05981717811726,-0.105322002850846
243,InsiderAdvantage,-0.0378805441679609,B+,False,208,6.21651798716823,0.318050150521997
277,Rasmussen Reports,-0.0255354942619818,B+,False,797,5.38748110127258,-1.35210638443579
253,Pew Research Center,-0.0231281538593109,A/B,False,25,4.40054823471005,0.631386178176627
263,Public Policy Polling,-0.0119319522589667,B+,False,468,5.50005133223713,0.878025047805277
249,Pan Atlantic Research,-0.0100732532649345,A/B,False,17,5.99713073525679,0.610876539594196
255,Polling Company/Global Strategy Group,-0.0039035192662608,A/B,False,4,3.67399481673871,-0.161159868021848
222,GQR Research/Public Opinion Strategies,-0.0031945739526,A/B,False,1,5.8389141128075,0.099946580812309
135,Harvard University,-0.0013152524217925,A/B,False,1,5.5522595873561,0.0761285760307565
96,Fleming & Associates,0.0080275845076012,B/C,False,18,5.74418210736092,-0.484522349224326
274,RRH Elections,0.0096153957134801,B/C,False,15,5.48158692155943,-0.258888278212733
383,WPA Intelligence,0.0174780504504579,B/C,False,20,5.84893085700655,-0.803940111737371
97,Florida Atlantic University,0.0276207624950616,B/C,False,9,6.63903508334925,0.512019473583744
572,Leger,0.0277864290892155,B/C,False,13,4.32655997609994,0.25427635936481
346,University of Cincinnati (Ohio Poll),0.0467374237009215,B/C,False,39,5.63453495872275,-1.08862877649073
302,SEA Polling & Strategic Design,0.0523619117386726,B/C,False,14,6.00814321359366,0.45099812397298
132,Harper Polling,0.0539370326175968,B/C,False,14,5.60107043707337,0.392399707666763
449,Research Co.,0.0612498744643849,B,False,85,4.84747795031848,1.42967995163454
134,Harstad Strategic Research,0.0697181036241411,B/C,False,11,5.54738339808691,0.490022000456406
470,Blueprint Polling,0.072184213011961,B/C,False,8,4.78574905412441,-0.521814522853471
257,Praecones Analytica,0.0740452390511035,B/C,False,5,5.19049454906456,-0.108255129814669
523,East Carolina University,0.0746136303227328,B/C,False,18,5.11289347589155,1.31533477374364
228,New England College Polling Center,0.0760887957778845,B/C,False,19,5.05156038500565,-1.02870561171106
51,Ciruli Associates,0.0794799406514364,B/C,False,20,5.20488873158979,-0.530305265652913
54,Clemson University,0.0796443400406186,B/C,False,8,7.81673914506413,0.0231597120785828
619,J.L. Partners,0.0864880721720734,B/C,False,10,5.18953045097171,0.391063465211502
205,Mellman Group,0.0924520245601464,B/C,False,28,5.03482618857438,1.69414072054026
313,St. Norbert College,0.0947962716636752,B/C,False,12,5.97069870645135,-0.0085508772922187
321,Strategies 360,0.098985083214201,B/C,False,9,5.48743776683026,1.15115434952609
32,Blum & Weprin Associates,0.103208582644789,B/C,False,19,5.19014213760519,-0.54608209079184
609,Lee Business School (University of Nevada Las Vegas),0.103819799543184,B/C,False,5,5.33098358210975,0.141419364535154
391,YouGov,0.111421255037673,B,False,521,5.06870407433705,1.07911825588518
375,Ward Research,0.114838621984073,B/C,False,15,5.70616103301523,-0.327825149601526
751,Landmark Communications/Rosetta Stone Communications,0.116809815039951,B/C,False,11,5.69639844269549,1.04751235721257
208,Middle Tennessee State University,0.136035742522292,B/C,False,5,6.11707054236223,0.425728213051578
471,Civiqs,0.141379947721381,B,False,43,5.07472578387338,2.82786316570184
350,University of Georgia,0.143310446392931,B/C,False,7,4.98067511216901,0.0503996504222873
281,Research 2000,0.145563653182518,F,True,278,5.50090409212173,1.19187050269042
52,Clarity Campaign Labs,0.148082405354654,B/C,False,16,4.64367840971117,1.23069631013409
390,Yankelovich Partners Inc.,0.164036976050997,B/C,False,7,7.44201679579543,-0.0285005872220775
338,Trafalgar Group,0.176564945177881,B,False,143,4.74845059964949,-1.88100007049513
284,Wick,0.179394824450516,B/C,False,16,4.41370321541049,-1.19461617607949
161,Keating Research,0.191566542640775,B/C,False,6,4.33950249284391,0.169073689987974
555,RMG Research,0.196917325257273,B,False,28,4.56190583848335,3.24776517880354
154,Ipsos,0.198494316127403,B,False,116,4.76928954011822,1.89258996016603
514,co/efficient,0.201790326557547,B,False,24,5.06496402702214,-2.69149464642966
562,Redfield & Wilton Strategies,0.207544534068763,B,False,45,4.13741614228535,2.28021355135685
316,Starboard Communications,0.214605882921245,B/C,False,4,5.01874204383783,0.289875419984924
318,Strategic National,0.236931181124952,B/C,False,4,5.23324684064411,0.342908402378066
109,GBAO,0.239041288663798,B/C,False,14,5.50289532788863,1.36011629976696
37,Big Village,0.242615407346273,B,False,107,6.03375104479903,0.21942562763954
552,Pasquines,0.249595759548428,B/C,False,4,6.18189843897851,0.0587609036186155
517,Ragnar Research Partners,0.253062830139076,B/C,False,3,5.26879370272827,0.244610910744451
271,RBI Strategies & Research,0.26080295145424,B/C,False,4,5.28408426808764,0.27990455341043
14,Impact Research,0.265380340268356,B/C,False,22,5.76885139342182,1.32059594367203
40,CVOTER,0.270224867719595,B/C,False,6,3.58489396946,-0.188566465745234
732,Patriot Polling,0.284480031656756,B,False,22,4.27478408931369,-0.401939286361648
187,Market Shares Corp.,0.290630412027093,B/C,False,25,5.39445991543,-0.896913217082584
30,Benenson Strategy Group,0.291438530689695,B/C,False,12,5.82995936454847,1.04242286505353
508,Spry Strategies,0.292625898165865,B/C,False,5,6.40396785014776,-0.352348855378595
554,ROI Rocket,0.293733463816874,B/C,False,3,8.33000642081944,
591,Cardinal Point Analytics (CardinalGPS),0.293733463816874,B/C,False,3,4.46705479102377,-0.275658218911683
245,Optimus Analytics,0.294794185535528,B/C,False,17,5.32079319886077,-0.475709553711115
9050,State Navigate,0.306554812586469,B/C,False,2,5.60900054446546,-0.251867662753468
361,University of South Alabama,0.311002700319727,B/C,False,9,5.02576609097763,-0.329663436826301
175,Lucid,0.311552691218914,B/C,False,25,4.33823216042616,1.66638592863124
108,Frederick Polls,0.326647821728682,B/C,False,8,4.68993032405848,0.550418158807145
467,Axis Research,0.327423122967866,B/C,False,2,5.69946223199263,-0.0950000000000003
796,"Fabrizio, Lee & Associates/GBAO",0.327423122967866,B/C,False,2,4.7029549427382,-0.109999999999999
530,Edgewater Research/My People Vote,0.333373322716202,B/C,False,3,5.38107366041476,-0.0451732474062203
162,Kiley & Company,0.335348809988527,B/C,False,5,5.42362347457052,0.309301966185829
364,University of Washington,0.336714675503899,B/C,False,9,4.98196961472339,0.0422701251705719
180,Maine People's Resource Center,0.344109248896588,B/C,False,14,4.71452134594644,0.103371422020676
275,RT Strategies,0.346231898321423,B/C,False,45,5.44501693868042,0.835793627973508
578,David Binder Research,0.351278931192335,B/C,False,3,7.21532887994019,0.0734164646900829
174,Louisville Courier-Journal,0.355783677064229,B/C,False,10,5.29805931491625,-0.172468578245744
425,Ogden & Fry,0.356025316209155,B/C,False,3,5.99410133762851,-0.0100096712527813
290,Riley Research Associates,0.358818092254152,B/C,False,7,5.38279231958841,-0.0557285866942669
186,Market Research Institute Inc.,0.359515572688701,B/C,False,11,5.10943828581014,0.0769074919033575
728,BSP Research/Shaw & Company Research,0.36567841311457,B/C,False,2,5.41670257429674,-0.0679477237478334
301,Schoen Cooperman Research,0.375608743897616,B/C,False,2,5.81302043918929,-0.0185845037594212
124,Gravis Marketing/Kaplan Strategies,0.379372428915115,B-,False,158,5.05874814112881,1.30175577898338
153,Iowa State University,0.389732427900895,B/C,False,3,10.6648914197534,
69,DFM Research,0.389756941918262,B/C,False,10,5.53077064605291,1.22012191889739
666,Tufts University,0.39343287149101,B/C,False,3,4.61229077252191,0.372943748058626
202,McKeon & Associates,0.393910664928309,B/C,False,3,5.78063382343063,0.147345182029631
95,Financial Dynamics,0.394036045339859,B/C,False,15,4.78718192368849,-0.338226804520261
482,Latino Decisions,0.399620579625318,B/C,False,2,6.97814920167828,0.174364103638946
8,Alabama State University,0.399950808284252,B/C,False,4,9.47336013743731,
287,Richard Day Research,0.400339422469881,B/C,False,11,5.23364447957053,-0.347073784110771
340,Tulchin Research,0.400589111021002,B/C,False,3,5.22447131451127,-0.0641983126593687
455,Keating Research/OnSight Public Affairs/Melanson,0.415635609460926,B/C,False,3,4.78159860712008,-0.0868771292020094
20,BK Strategies,0.426904838568598,B/C,False,3,4.328972833348,0.312509967183046
358,University of New Orleans,0.42721338929247,B/C,False,13,5.20777078753002,0.267659541328303
246,Orion Strategies,0.427694513674029,B/C,False,4,6.27818239275318,0.0807763355907451
49,Cherry Communications,0.428321295479691,B/C,False,8,5.92421785845894,0.356391518050165
395,Zogby Analytics,0.431861081829183,B-,False,495,5.28037749362056,-0.591117504717262
386,Winthrop University,0.431959911069564,B/C,False,3,8.13123808285596,0.0030961688225126
583,John Zogby Strategies,0.432760134758396,B/C,False,4,4.03996389346214,0.386759357099871
478,GS Strategy Group,0.434796404209082,B/C,False,2,5.95808079104936,-0.33487500253565
68,DCCC,0.435253753873994,B/C,False,10,5.89927531230999,1.59699020520754
156,JMC Analytics,0.436043162113385,B/C,False,13,5.10222034051516,-0.649222329858449
244,OpinionWorks,0.436169190486158,B/C,False,7,5.21014495189091,-0.481649076078843
146,IVR Polls,0.438675931415455,B/C,False,4,8.63128282633978,
859,Quantus Insights,0.442653831702976,B/C,False,9,4.30178574126698,-1.04829119078578
240,OnPoint,0.444717145108803,B/C,False,6,4.96510852232874,0.0194582271901272
837,Focaldata,0.44610851624394,B/C,False,9,4.15827054688164,1.3037037037037
178,MSR Group,0.446181232834081,B/C,False,6,5.67524885905361,0.0802443363349
196,Marshall Marketing,0.448692805347433,B/C,False,4,6.12255573193192,-0.16161637339232
122,Google Consumer Surveys,0.449305401637396,B/C,False,24,3.88546126253001,-0.0755984553338561
310,Southern Media & Opinion Research,0.451230028874627,B/C,False,7,5.17653529219008,0.0728388738904867
382,Wiese Research Associates,0.452853954455223,B/C,False,7,5.74100821981409,0.742923708270136
139,High Point University,0.453829728383552,B/C,False,5,7.13641934484691,0.0026956678757493
200,Master Image,0.45611620217953,B/C,False,2,9.21302557816345,
82,Douglas Fulmer & Associates,0.45611620217953,B/C,False,2,9.56287287895078,
204,Meeting Street Insights,0.457944350719421,B/C,False,5,5.10712462524036,0.545767704462494
635,AYTM,0.458798161124649,B/C,False,4,4.18193118342832,0.516703822881892
118,Global Strategy Group,0.45968949383119,B/C,False,26,5.64363665794561,1.61099975752423
212,Missouri State University,0.461173334859105,B/C,False,3,6.22357060053077,0.234076880263089
70,Dan Jones & Associates,0.462170340172961,B/C,False,40,5.8442907044055,0.756071600170487
754,The Washington Post/George Mason University Schar School of Policy and Government,0.462840274453915,B/C,False,1,5.38427938558793,-0.189402480270574
234,Northern Arizona University,0.467115367766834,B/C,False,4,5.53409074501694,-0.182712210328476
133,Harris Insights & Analytics,0.46731683970827,B-,False,193,4.08197605248675,-1.0490151247423
617,MWR Strategies,0.469295381892854,B/C,False,2,4.75657424869207,-0.0261559477875302
250,PSB Research,0.470789389817243,B/C,False,19,6.07707752128289,1.88950541365857
256,Potomac Incorporated,0.472520403805625,B/C,False,8,6.22442926391119,-0.229233950938938
745,Torchlight Strategies,0.474442723173649,B/C,False,1,5.15324285712163,
878,Gotham Polling & Analytics,0.474442723173649,B/C,False,1,5.94000634672727,-0.168421052631579
838,M3 Strategies,0.474442723173649,B/C,False,1,5.09237196502014,-0.163157894736842
24,Basswood Research,0.47525466895652,B/C,False,4,7.12774505846859,-0.158703739767519
365,University of Wisconsin (Madison),0.477912321807969,B/C,False,8,5.78913897578291,0.534428464552959
4,APC Research,0.479408811718409,B/C,False,2,5.27992947692539,0.129109818798027
371,Voter/Consumer Research,0.4830722691632,B/C,False,8,5.45819476425154,-0.0729266615096427
63,CJ&N,0.484934306731377,B/C,False,3,7.37699378779513,0.0702857515350907
730,Stetson University,0.487103542816968,B/C,False,4,5.3565565828636,1.3666215877916
599,El Nuevo D√É¬≠a/The Research Office,0.487678625127339,B/C,False,4,4.73119189675691,
217,Moore Information Group,0.491963833089713,B/C,False,18,5.65231225707813,-1.55584656365457
694,Fabrizio Lee & Associates/Impact Research,0.495500187552259,B/C,False,1,5.32557957810552,0.0311759935117603
89,Ethridge & Associates LLC,0.495591636899965,B/C,False,6,4.88869297713608,-0.0424657888972537
697,CWS Research,0.496190310838176,B/C,False,1,4.78993046337164,-0.0045847049282001
177,MFour Mobile Research,0.499856148745476,B/C,False,2,4.06049799784804,-0.125775379308236
334,The Tyson Group,0.500142420204301,B/C,False,14,5.64152305481369,0.0853127896682796
31,Big Ten,0.501552183568134,B/C,False,10,4.54952894351315,0.627558195452605
216,Montana State University Billings,0.503817816881931,B/C,False,11,5.5323188580677,1.61732819822719
451,Slingshot Strategies,0.506027873799755,B/C,False,2,5.13505675679392,0.351013340046116
184,Market Decisions Research,0.506160671568182,B/C,False,4,4.87000665855581,-0.0527172198459122
251,Big Data Poll,0.50791835712504,F,True,6,4.22925903619366,-0.342826385046785
354,University of Massachusetts (Amherst),0.511573898922513,B/C,False,11,8.0657947643082,-0.116780573815965
534,Park Street Strategies,0.513957540758637,B/C,False,1,8.48123650370205,
406,Data Targeting,0.513957540758637,B/C,False,1,6.09274506354445,-0.159601010195832
696,NewsNation,0.514137503392218,B/C,False,1,5.1614641370747,0.0664782214589
10,American Viewpoint,0.514230177648367,B/C,False,9,5.59401095962928,-0.535933773446165
447,Blumenthal Research Daily,0.514364604056995,F,True,2,5.53596639190641,-0.120384426355428
179,Magellan Strategies,0.514699579825979,B/C,False,18,6.05916386021315,-0.383475721821358
33,Braun Research,0.519954597824745,B/C,False,6,5.24024165639995,0.909298367323264
370,Virginia Commonwealth University,0.522403913856205,B/C,False,8,4.98734579737513,0.053070703893516
29,Bendixen & Amandi International,0.523394199376017,B/C,False,2,4.83937825209998,0.0875116529264316
462,Strategic Research Associates,0.527191108102972,B/C,False,5,5.58832357157294,0.29797874357188
119,Global Strategy Group/National Research (Philadelphia Inquirer),0.528208128811993,B/C,False,4,4.82938851878143,-0.227868180008061
464,Mason Strategies,0.530107859034675,B/C,False,1,5.57308075239746,0.0655768804878746
461,1892 Polling,0.530107859034675,B/C,False,1,4.97310661730019,-0.0208180572977378
672,Rethink Priorities,0.531255771193036,F,True,2,4.29190482718706,0.291606736923841
459,Pacific Market Research,0.532296200558338,B/C,False,2,5.80010331327145,-0.501657665258274
454,Targoz Market Research,0.532809741750413,B-,False,26,4.76914776030622,1.31379149968794
303,Scripps Howard,0.536399952318904,B/C,False,5,4.55774421393828,-0.106437278788822
644,The Polling Company Inc./National Research Inc.,0.537402319366397,B/C,False,1,5.38540918550125,-0.0860418263334786
39,CSP Polling,0.537402319366397,F,True,1,5.35831945308339,0.0828071712081601
102,Forward Strategies,0.537885788105487,B/C,False,2,4.84228065245039,0.0504662594866982
768,National Public Affairs,0.537925539547085,B/C,False,1,4.25580770861568,0.0105263157894738
252,Personal Marketing Research,0.538226379419197,B/C,False,3,9.43932570724817,
351,University of Houston,0.544218116747099,B/C,False,1,9.60479131818979,
579,Targeted Persuasion,0.544218116747099,B/C,False,1,9.72554374159136,
306,Singularis Group,0.544218116747099,B/C,False,1,5.18227732337863,-0.0241204490663095
145,IMGE Insights,0.54545926324773,B/C,False,2,5.04063721155816,-0.402942837955944
502,KG Polling,0.547135960872349,F,True,2,5.46243910887434,0.14553437615113
329,"Drake Research & Strategy, Inc.",0.548137072558821,B/C,False,8,5.42095870390815,-0.0064194871590987
265,Purple Strategies,0.550974825871325,B/C,False,4,4.19735523996267,-0.256803821913847
366,University of Wisconsin-Milwaukee,0.551303604088731,B/C,False,3,6.17032519303392,-0.0451456410833966
159,Jim Meader (KELOLAND-TV),0.553002940349195,B/C,False,4,5.30517858528722,0.191386777457592
57,Columbus Dispatch,0.554310293031813,B/C,False,22,5.15198263584259,0.798385304537632
735,Washington College,0.554729475995166,B/C,False,1,5.39973191944437,0.230152187395639
288,Richmond Times-Dispatch,0.554973671913227,B/C,False,4,4.48605093081277,0.122168062645845
27,Behavior Research Center (Rocky Mountain Poll),0.555883713178115,B/C,False,7,6.06442411745762,0.335393063387709
343,University of Southern California,0.555918079153262,B/C,False,13,4.25954349427302,1.26708845436151
422,Mercyhurst University,0.55652970382191,B/C,False,1,5.90005408993597,-0.0193760684987005
524,Odney,0.55652970382191,B/C,False,1,5.97651482992649,0.0547243015706545
877,Montgomery Research,0.556979214940588,B/C,False,1,5.46667525188366,-0.242105263157894
279,Remington Research Group,0.557313624714774,B-,False,55,4.25721763751418,1.28214526254388
460,Thirty-Ninth Street Strategies,0.557465484192371,B/C,False,1,6.25303434135334,-0.0704344271906804
362,University of Tennessee,0.559067119572585,B/C,False,2,4.7070917119206,-0.0692501172915014
78,Diamond State Consulting Group,0.560031358488401,B/C,False,1,5.52508829561897,0.098975052601471
748,GreatBlue Research,0.560771160753693,B/C,False,2,4.71801558294568,-0.0227675609922339
188,Market Solutions Group,0.563364697708963,B/C,False,4,6.09325481653316,-0.0026500424611661
105,Frank N. Magid Associates Inc.,0.564499121771017,B/C,False,5,5.32476343601484,0.336821256966829
651,Reconnect Research/Probolsky Research,0.564699015151368,B/C,False,2,5.16451338896479,-0.126618714716931
319,Myers Research & Strategic Services,0.566045724490802,B/C,False,2,5.29981111957448,0.105730615839883
357,University of New Hampshire,0.566513652474841,B-,False,150,5.41208005148509,2.04546958997613
412,Garin-Hart-Yang/Global Strategy Group,0.567259503043506,B/C,False,1,4.07351759302829,-0.019999609950312
368,Valley Research,0.567586036257435,B/C,False,8,4.85472749075688,0.319225557880578
285,Quest Research Group,0.56802810528483,B/C,False,5,5.58678242585576,-0.100762558263217
377,West Chester University,0.568760082948137,B/C,False,7,5.00553649199807,0.0817357070701284
181,Manhattanville College,0.569453012544235,B/C,False,3,6.74971717777565,-0.129020374691282
337,The Polling Company Inc.,0.569750340608874,B/C,False,7,5.28827459287687,-0.846666299321648
76,DHM Research,0.570135695053899,B/C,False,14,5.45646501545545,-0.0727886433700519
832,The Citadel,0.571920863480959,B/C,False,3,6.1409317047389,0.3
107,Franklin Pierce University,0.572064521514912,B/C,False,17,5.87223406948472,0.582822639103188
661,Seven Letter Insight,0.573525711790967,B/C,False,1,5.18386057630959,0.115993034683459
503,JMC Analytics/Bold Blue Campaigns,0.574049384497019,B/C,False,5,5.64153319688098,-0.84214033459374
22,Baruch College Survey Research,0.575312070178473,B/C,False,2,9.3520484419815,
62,Crantford Research,0.576601334217127,B/C,False,1,5.42528860790315,0.0488980948154692
291,Rivercity Polling,0.576601334217127,B/C,False,1,6.48306400442978,-0.131512214685153
170,Lincoln Institute,0.578524348148318,B/C,False,2,5.09175858704245,-0.0788722436402183
47,Centre College,0.581242566878937,B/C,False,1,4.74957021750297,0.115778155518286
437,Victory Research,0.58161663318048,B/C,False,11,4.88220759310525,0.25682257891252
98,Florida International University/Univision,0.58472761491187,B/C,False,1,6.1659272010738,0.0307777636931458
576,Penta,0.585415440686512,B/C,False,1,5.68688742134646,-0.130679269561697
26,Becker Institute,0.589554838330437,B/C,False,5,6.24059330943844,0.268763932443607
374,War Room Logistics,0.590622871075218,B/C,False,1,7.61009952217785,
394,Zimmerman & Associates/Marketing Intelligence,0.59099586199367,B/C,False,3,5.432938628892,0.147117633536865
65,Cromer Group,0.596939475926164,B/C,False,1,6.07356396331919,-0.0582542214435172
43,Canisius College,0.597926785686254,B/C,False,1,9.47238634609731,
46,Central Surveys Inc.,0.597926785686254,B/C,False,1,4.79155671884267,0.021452988618107
536,Morningside College,0.599075007178934,B/C,False,1,9.78304282985414,
561,OurProgress (The Progress Campaign),0.599771220946383,F,True,1,8.47147497721147,
19,BIGresearch,0.600684385686389,B/C,False,1,4.37710114096191,-0.0225999141275959
388,Wood Communications Group,0.600694646001961,B/C,False,1,5.39926473085273,0.0165622579213685
189,Escalent,0.603253412253293,B/C,False,1,5.50204532624363,-0.0124654978295975
60,Cooper & Secrest,0.603253412253293,B/C,False,1,6.06655566288371,-0.0293829591697656
11,Analytical Group,0.605981465084094,B/C,False,1,5.18459038570282,0.0448535323689984
315,Minneapolis Star Tribune,0.606125444776077,B/C,False,14,4.31474475874321,0.616121324020044
294,Rossman Group,0.60752437792465,B/C,False,1,5.84134977799876,0.0830084593440021
83,Dynamics Marketing,0.607875370767805,B/C,False,1,6.05059793084035,0.0291150783714743
529,Vox Populi Communications,0.607875370767805,B/C,False,1,8.03733136308277,
80,Diversified Research Inc,0.607875370767805,B/C,False,1,6.45040626333545,-0.0481073645939262
266,QEV Analytics,0.611049618598813,B/C,False,1,5.60396029452363,
381,Wick Communications,0.611826579421425,B/C,False,1,5.88518965886947,0.0419489686221766
168,"Lauer, Lalley, Victoria",0.611884143920896,B/C,False,1,6.18362674694199,-0.0137761189578656
309,Southeastern Louisiana University,0.612929484089757,B/C,False,8,4.9053496627208,0.0740119263681481
190,Market Trends Pacific,0.613648515421077,B/C,False,1,5.45047392394609,0.0506410849327401
42,CallFire,0.614415406038565,B/C,False,4,4.10284854333009,-0.335951313009084
416,HighGround Inc.,0.615301154980412,B/C,False,6,5.42897971356767,-0.0945355912959298
339,Triumph Campaigns,0.616581681458622,B/C,False,1,5.04155114327515,-0.118579158981445
227,Neighborhood Research and Media,0.61790161345947,B/C,False,3,7.00364944358431,-0.0448637719271473
881,Paradigm,0.619087058560225,B/C,False,2,4.9334285454306,0.365
1,20/20 Insight,0.621108147564274,B/C,False,8,6.17094639680594,0.406753470390727
369,Victoria Research & Consulting,0.622207649831015,B/C,False,1,6.1282567998509,0.103539573809546
600,Jorge Ben√É¬≠tez,0.625111380962357,B/C,False,4,5.24222525316054,
322,Strategy Research,0.625401817288455,B/C,False,2,4.64661598739072,-0.386022998726067
152,Iona University,0.625727469040826,B/C,False,1,5.66962158908304,0.0859660054013893
5,ASA Marketing Group,0.626237544682962,B/C,False,1,5.23226739579419,0.0821191823911159
72,Dartmouth College,0.626858112660994,B/C,False,3,8.68980946286247,
733,African American Research Collaborative,0.627545430656345,B/C,False,1,4.58820329355556,0.12287009207576
230,New Mexico State University,0.628027139005011,B/C,False,1,8.96828160165071,
223,NRECA Market Research,0.628319522775564,B/C,False,1,5.31290030657525,0.0523492520398892
332,TargetSmart,0.628752113235399,B/C,False,3,4.24055614031282,0.454973564597701
259,Probolsky Research,0.629075516658545,B/C,False,3,5.16512382075923,-0.526507358923305
53,Clarus Research Group,0.630560366102055,B/C,False,3,5.2088132672028,0.232189547223713
545,Beacon Research,0.632387477310896,B/C,False,5,5.89403713175887,
238,Old Dominion University,0.635238331454765,B/C,False,1,5.33004636465172,0.109048864912548
378,West Virginia Research Center,0.635560540899021,B/C,False,2,5.09151667298141,0.123178201326733
883,Deltapoll,0.636001190757089,B/C,False,1,3.79755587832461,0.236842105263157
286,Rice University,0.63663136973678,B/C,False,2,5.02754338057431,0.130107437823252
734,Alloy Analytics,0.637052595723733,B/C,False,1,5.18367663509092,-0.214105720146939
147,Illinois Wesleyan University,0.63770432716684,B/C,False,3,5.53947033314855,-0.249211917191056
220,Multi-Quest International,0.638519199178197,B/C,False,4,5.26538907971687,-0.0032871935725496
148,Independent Market Research,0.639225459728091,B/C,False,2,5.14798267795652,0.0878511360257453
81,Dixie Strategies,0.639513006811507,B/C,False,11,5.9059951683383,-0.897319273446745
17,Aspen Media & Market Research,0.642707991883368,B/C,False,3,5.50184979651283,-0.003886965766103
192,Marketing Research Institute,0.643723153035171,B/C,False,1,5.25081063306154,-0.0823613249455554
99,The Florida Poll,0.643856972875641,B/C,False,5,4.69412193660358,0.206067495388721
283,Dynata,0.644920131461817,B/C,False,2,8.6568011885618,
206,Merrill Poll,0.644993546394182,B/C,False,2,9.79982467763686,
367,SmithJohnson Opinion Research,0.646452010767896,B/C,False,1,6.04148407364937,-0.145681414814223
413,Global Strategy Group/GBAO (Navigator Research),0.646978215636208,B/C,False,4,4.83242266914868,0.823906413627628
513,Harper Polling/Clarity Campaign Labs,0.650957028087167,B/C,False,1,5.85226973852088,0.260106052548043
328,TMR Research,0.654818072100759,B/C,False,2,5.43434976335235,0.130410498812958
66,CrossTarget,0.655094232883626,B/C,False,2,4.63132789441471,-0.29893041059937
137,Hellenthal & Associates,0.65650215384299,B/C,False,5,5.86528077567587,0.289523961275215
142,Howey Politics/DePauw University,0.660081152676091,B/C,False,7,5.55051827764389,0.0654074135155705
2,A&A Research,0.660707153950993,B/C,False,1,5.73655063851037,-0.111744284115321
77,Decision Forecasting,0.661630087047821,B/C,False,3,4.59995757614793,-0.0401035419735055
709,Premise,0.661640742107751,B/C,False,1,4.96591001506885,0.214564190639759
93,Feldman Group,0.662655422058945,B/C,False,2,5.3211076130052,0.15526280796108
522,Data for Progress,0.665314817705661,C+,False,114,5.26512105771477,1.59286819642125
836,American Pulse Research & Polling,0.669665716339914,B/C,False,2,4.49055082972791,0.405
41,"California State University, Bakersfield",0.66991207450932,B/C,False,1,5.99378382121088,-0.0950578386565355
311,Southern Opinion Research,0.670800969375757,B/C,False,2,5.38893310119507,0.0145728557403686
665,Sky Research,0.671025065395277,B/C,False,1,5.31010798235179,-0.283355788977922
356,University of Nevada Las Vegas,0.671118629572719,B/C,False,1,8.41073370765292,
314,St. Pete Polls,0.672893629688963,C+,False,31,5.14764236095265,0.687415277874667
663,Detroit Free Press,0.673039268281442,B/C,False,1,5.35766874193228,0.099946580812309
352,University of Illinois at Chicago,0.673771653072231,B/C,False,1,5.4075450783225,-0.117639706737167
649,Southern Research Group,0.675124378463767,B/C,False,1,4.71778458997532,0.093030334345342
125,Great Lakes Strategies Group,0.680265361861987,B/C,False,1,5.24263821414954,-0.148468812080839
543,Swayable,0.680733126774367,C+,False,89,5.38330031612537,3.7963340943909
359,University of North Carolina,0.680887690273555,B/C,False,1,5.98840876848797,0.155437821724009
341,Tulsa Surveys,0.681549495077961,B/C,False,1,5.01959713285047,-0.0993550397567276
264,Public Strategies Inc.,0.68184712915212,B/C,False,6,8.40282080104774,
6,Abacus Associates,0.681919880824377,B/C,False,2,6.07852619983567,0.125420215202537
191,MarketAide Services Inc.,0.682517358978587,B/C,False,1,5.92044338661704,0.124877576471504
163,Kimball Political Consulting,0.683762631115431,B/C,False,6,4.52034012412123,-0.772231374043709
169,Liberty Opinion Research,0.683856454453583,B/C,False,1,9.07263565358312,
182,MarblePort,0.684028659501071,B/C,False,2,4.61350281789056,-0.303651128170989
241,Opinion Consultants,0.686527237574171,B/C,False,2,5.17266571650234,-0.193243285634581
100,Forman Center,0.688057837924989,B/C,False,2,5.48182138953991,0.182243497071315
307,SocialSphere,0.68837095945666,B/C,False,2,5.43036644419746,-0.313333710442642
335,TeleResearch Corporation,0.689373620401154,B/C,False,1,8.77652730605523,
140,Hill Research Consultants,0.689624160168784,B/C,False,6,5.25461203496671,-0.137873926475312
16,Arthur J. Finkelstein & Associates,0.689910440053157,B/C,False,1,6.5120221162048,-0.152145852973748
21,Bannon Communications Research,0.690384493862981,B/C,False,2,5.9881548787725,0.24755514826009
136,Hays Research Group,0.691104929608386,B/C,False,9,5.09385641276928,0.737630421613333
232,"Normington, Petts & Associates",0.692244569157429,B/C,False,12,5.9982997211582,0.690385011869839
296,SMS Research & Marketing Services,0.693422132285799,B/C,False,1,4.47249880006047,-0.125249484447032
490,Patinkin Research Strategies,0.693430792149722,B/C,False,4,4.82381883626941,0.760605647803026
23,Baselice & Associates,0.695213557006609,B/C,False,2,5.68996196925103,0.229222982295067
111,GaPundit.com,0.695986881004582,B/C,False,2,5.26665355648339,0.421265436433878
392,Zata3,0.697128155206217,B/C,False,2,5.9324284067874,-0.152752279672382
45,Castleton University,0.698041180325863,B/C,False,3,10.918913456314,
120,Glover Park Group,0.702027675686451,B/C,False,1,6.41099051212205,-0.258176782994935
85,Ed Renwick/Loyola University New Orleans,0.708334133562739,B/C,False,10,5.05715813846445,0.695238342172183
141,Hoffman Research Group,0.711015753353181,B/C,False,3,4.97002224528161,-0.554406841905322
9051,A2 Insights,0.713021437610525,B/C,False,2,5.14159129552557,-0.894343649946638
588,Auburn University,0.71573634544479,B/C,False,2,4.29812556583273,0.607769830641271
884,LIT Data,0.716080637025262,B/C,False,4,5.04087281231446,
158,Jeffrey Stonecash,0.718366539289006,B/C,False,1,5.29575045665643,-0.169278170199737
176,Lycoming College Polling Institute,0.720274359529068,B/C,False,3,5.98329054601875,0.367648484904732
248,PSI,0.723155634868324,B/C,False,3,8.38916249340526,-0.0320073046997665
237,Ohio University,0.72366120809552,B/C,False,2,4.93920335724306,0.26358373622203
664,The Kitchens Group,0.724712667336902,B/C,False,1,6.16721529872443,0.19458386157111
226,Neighbor,0.725513462048851,B/C,False,1,5.2385355963169,-0.142687195751468
293,Lester & Associates,0.727031704754059,B/C,False,1,8.04909175011159,
276,Rainmaker Media Group,0.72880696358176,B/C,False,1,4.76015366149113,0.207236942200515
631,Cometrends,0.729079193118315,B/C,False,1,3.70587575657748,0.300847904219143
167,Lauer Johnson Research,0.731792372916979,B/C,False,1,5.9142170015237,0.20485326726448
564,brilliant corners Research & Strategies,0.732444323643231,B/C,False,1,5.74995158349258,0.489975101301204
121,Gonzales Research & Marketing Strategies Inc.,0.733201001969991,B/C,False,10,5.7566094403275,-0.51087060325039
59,Consumer Logic,0.733260832149073,B/C,False,2,5.40932968382343,0.231700414942636
640,Gazette Communications,0.734989337095917,B/C,False,2,4.5706012881221,0.177439246845248
580,University of Colorado (Boulder),0.736356022113102,B/C,False,2,4.7304418333448,0.393070735385276
218,Morning Consult,0.737984642518879,C+,False,114,4.15840824770064,3.36961439422918
247,Overtime Politics,0.738619330295406,F,True,12,8.89113759116282,
312,St. Cloud State University,0.74066950117459,B/C,False,17,5.29954444630979,1.5348450074298
458,University of Texas at Tyler,0.741315020753654,B/C,False,10,6.2009097935283,0.769300726674119
211,Minnesota State University,0.742659837263197,B/C,False,4,5.10393103228272,0.353022821235383
48,Change Research,0.744105747502439,C+,False,115,5.01795165066762,2.68145700804869
389,Y2 Analytics,0.746765677303847,B/C,False,8,5.13681086675358,1.08217222981687
74,Data West Polling,0.748407763453645,B/C,False,2,6.06913960453152,0.288283739136293
516,Univision/Latino Decisions/North Star Opinion Research,0.749023568272743,B/C,False,7,5.12531332703749,1.05646576649292
373,WCIA-TV,0.750829930145515,B/C,False,2,6.01279177212861,-0.302386756612649
75,Datamar Analytics,0.752973600318049,B/C,False,8,5.75667725636016,-0.207737026009346
229,New Frontier Strategy,0.754717054086271,B/C,False,2,8.19196429553751,
344,University of Alabama at Birmingham,0.755133776003675,B/C,False,2,4.89288175659581,-0.264177538727416
703,Nelson Research,0.756315973644106,B/C,False,1,5.14364415396795,-0.289753351462239
686,Bold Decision,0.758401532179652,B/C,False,1,5.42574058900099,0.394284623825199
501,VCreek/AMG,0.759781222462524,B/C,False,1,4.58472541968263,0.31361598503481
64,Digital Research,0.760240271153087,B/C,False,21,5.71897316909968,0.0957319860916292
415,Hickman Analytics,0.763936792402957,B/C,False,1,5.9355662855745,0.337877390148245
870,Hunt Research,0.763963703778898,B/C,False,1,4.17776755482596,0.397368421052631
130,EMC Research,0.765342465255476,B/C,False,15,6.11992977183738,1.11256927160015
298,Saguaro Strategies,0.771917969759816,B/C,False,2,3.58691203770531,0.295607924600989
629,Open Model Project,0.774352896055692,B/C,False,2,4.75179703706056,-0.433573174636764
885,Consultor√É¬≠a Acad√É¬©mica e Investigaci√É¬≥n Social LLC,0.774392368438658,B/C,False,2,5.56572471633204,
273,RMS Research,0.774497091133526,B/C,False,3,5.29688043808067,0.252965099917502
456,East Tennessee State University,0.778404415310406,B/C,False,2,5.37571428333144,0.66395867460654
593,Colby College,0.78034790141778,B/C,False,6,4.93377099613303,1.58503129009407
673,Victory Insights,0.780480860173314,B/C,False,9,4.62951412879176,0.960549218523886
559,Opinium,0.796326523501566,B/C,False,2,4.12365225922026,0.556354958604698
758,Thomas Partners Strategies/Optimus,0.797566732549751,B/C,False,2,5.17837461342367,-0.734378534034506
297,SSRS,0.797849464621909,C+,False,47,4.80346472456858,2.77678550906855
393,Zia Poll,0.798078751641731,B/C,False,4,3.4049425324692,-0.646924221960976
621,Global Marketing Research Services,0.79820307652176,B/C,False,1,3.72028010448951,0.380648409317059
44,Capital Survey Research Center,0.801720590955888,B/C,False,13,7.37449982618333,0.0230589447910572
630,The Justice Collaborative Institute,0.818030094107458,B/C,False,2,4.2858047501145,0.512230254991223
25,Baydoun Consulting,0.822998109064289,B/C,False,6,5.33041739018782,-0.746156589438163
15,Arizona State University,0.830070777559239,B/C,False,8,6.27564493990492,0.426361105511286
632,Bluegrass Community and Technical College,0.832165920912353,B/C,False,2,5.90221285885627,0.839136754805845
193,Marketing Resource Group (MRG),0.835014301175649,B/C,False,10,7.16409985984912,0.252377381150061
525,Victory Enterprises,0.84350258199871,B/C,False,1,6.11391372509318,-0.39453775992888
699,Phillips Academy,0.843564486765289,B/C,False,7,4.80330126117847,-0.889195570022824
110,GCR & Associates,0.84442493244644,B/C,False,1,9.82904490430163,
55,Clout Research,0.848403600818896,B/C,False,16,5.07949024324793,-1.5580409364536
610,Brandwatch Qriously,0.851247026083055,B/C,False,3,3.30448728460899,0.7249885060385
300,Schapiro Group,0.861410095140079,B/C,False,2,9.74379996869695,
210,Millersville University,0.864240396778558,B/C,False,5,4.92331921265544,-0.476414203475059
886,Miami Univerity,0.865729523998127,B/C,False,2,4.23088759320749,0.69
131,Hampton University,0.870667457195891,B/C,False,4,4.47154931313706,-0.629663142594974
656,Bainbridge Media Group,0.876054379911123,B/C,False,1,5.5867579229192,0.362151686122682
199,Massie & Associates,0.891677982062637,B/C,False,2,6.27295985589443,-0.396944718291633
171,Loras College,0.895826203998448,B/C,False,18,6.23847630392016,1.27052442744184
353,University of Iowa,0.89939756174705,B/C,False,3,7.44769969459579,-0.242558437247396
58,Constituent Dynamics,0.909245421628944,B/C,False,7,8.5508295218054,
889,Survation,0.912185707807251,B/C,False,2,3.90192311161229,0.610999999999999
474,DeSales University,0.918719318093794,B/C,False,1,6.04830531955895,0.568977601348141
128,Greg Smith & Associates,0.919279647706253,B/C,False,5,5.51254929804973,0.718888388700292
56,Cole Hargrave Snodgrass & Associates,0.924903556482128,B/C,False,5,6.99583398425815,0.0713742704855791
292,Roanoke College,0.929697155670009,B/C,False,23,5.68586650102964,0.633342300777632
585,Kiaer Research,0.941173999016419,B/C,False,2,4.51893763161979,0.814964091087158
138,Hendrix College,0.941629424048951,B/C,False,18,5.63166520967514,1.78525038090928
194,Marketing Workshop,0.942333536694319,B/C,False,8,5.2081435715904,0.264447264946984
214,Momentum Analysis,0.947486821041453,B/C,False,3,6.04740437291159,0.279072220354832
61,Craciun Research Group,0.948087512634536,B/C,False,1,4.99111122790567,0.577986260751444
379,Western Kentucky University,0.965508564470653,B/C,False,4,5.89360093212557,0.695400565520079
185,Market Research Insight,0.970565870525886,B/C,False,27,4.98088836506566,-0.452756712670417
887,IZQ Strategies,0.982593333448949,B/C,False,1,4.90052088199987,
616,Citizen Data,0.984948885125156,B/C,False,12,4.50148031606061,2.34370896832587
880,Truedot,1.03593622096347,B/C,False,2,4.96872587844806,0.953
401,Baldwin Wallace University,1.04061582186492,B/C,False,4,5.11455162428293,1.29397385119776
556,Amber Integrated,1.06043456517856,B/C,False,8,5.25645387337625,1.86777819218267
527,BWD Global,1.078198170446,B/C,False,2,7.16383645865927,-0.106092662769235
268,Repass,1.08931856491294,B/C,False,4,8.50109763278578,0.0649946085038591
295,Rutgers University,1.09107997615906,B/C,False,19,5.06179669288116,0.969908595180877
376,We Ask America,1.09476347193724,C,False,56,5.98972811578033,-0.781913641402468
450,Carroll Strategies,1.09698470729615,B/C,False,5,5.32932336536565,-1.50512780495408
116,Glascock Group,1.10877805638561,B/C,False,2,5.27458498902208,0.1939198859417
737,Tomahawk Strategies,1.11042033709121,B/C,False,1,4.90254390280882,0.782150660750918
396,ccAdvertising,1.12964067325597,B/C,False,33,5.22311702175134,-2.24225019717904
715,Center Street PAC,1.13280122678202,B/C,False,4,5.38849834669435,1.55088407985237
452,Thomas Partners Strategies,1.13566182208077,B/C,False,2,5.92159127622043,-1.04288458486178
9,American Research Group,1.14243635676703,C,False,280,7.05341214519204,0.0699490562429319
71,Dane & Associates,1.1514139678992,B/C,False,2,5.06808777270935,-0.716161600457241
654,GOP Calls,1.15208059633958,B/C,False,2,5.90166271719428,-0.814034300532566
203,McLaughlin & Associates,1.16273131126915,B/C,False,29,5.29419910149542,-1.69673219249254
213,Mitchell Research & Communications,1.1643609472227,C,False,82,5.65849445047352,0.935731678335875
289,Riggs Research Services,1.16486911426248,B/C,False,1,5.51306195596617,0.663476165540539
423,Meredith College,1.16749215241857,B/C,False,6,6.42197381487021,1.054104379038
91,FM3 Research,1.18046375391765,B/C,False,11,5.54536481101883,1.83907443095326
299,Saint Leo University Polling Institute,1.19110221788381,B/C,False,6,4.97446309769539,1.38051012190046
38,CPEC,1.19687115742911,B/C,False,2,7.94473048207622,
308,SoonerPoll.com,1.19703316155029,B/C,False,26,5.67789534980743,2.65581545199208
331,TargetPoint,1.20670929670673,B/C,False,2,9.82051558116249,
143,University of Minnesota,1.25071270983758,B/C,False,10,5.91528015230585,0.431764312840057
549,Elucd,1.25367036808517,B/C,False,4,7.67770315785956,
330,Target Insyght,1.25617327715822,B/C,False,6,6.69528352713159,-0.487797469276587
736,"Island Analytics & Marketing, LLC",1.26356916427476,B/C,False,1,6.05936312262981,
9032,Trafalgar Group/Insider Advantage,1.26844793103453,B/C,False,3,5.33342635860856,-1.91084093211752
242,Opinion Research Associates,1.28666195281863,B/C,False,14,5.40755218158782,1.61024192585813
827,Capen Analytics,1.29012940726501,B/C,False,1,10.9696725711805,
207,Merriman River Group,1.32183459036794,C/D,False,25,5.26173731222538,-2.76274141224676
727,Brigham Young University,1.37132472138234,C/D,False,4,7.06230996365405,1.5969336468347
497,Triton Polling & Research,1.38217677204725,C/D,False,3,5.18432301500433,0.978644090887872
667,University of Wyoming,1.46123091351808,C/D,False,5,5.30806056743029,2.21898680233701
269,RABA Research,1.47345890267182,C/D,False,9,4.99987284060556,2.43591621626719
550,Point Blank Political,1.49490416336154,C/D,False,6,8.08365862468416,
677,The Political Matrix/The Listener Group,1.51422942632882,C/D,False,12,4.80958905755638,1.44835848609132
324,SurveyMonkey,1.6336655896418,D+,False,268,4.15131930107933,4.62894026604291
327,TCJ Research,1.64889766104346,F,True,132,4.51899650757851,-4.07232467967426
35,Brown University,1.67373890045967,C/D,False,14,6.99859985782235,-0.203276882061404
150,Indiana University-Purdue University Fort Wayne (Downs Center),1.76619379028038,C/D,False,3,9.80669750786705,
633,Long Island University,1.77033258150604,C/D,False,4,4.52226530874226,1.87624176090447
231,Nielson Brothers Polling,2.00361183532406,C/D,False,11,4.91334923692273,3.05152394264853
726,Ascend Action,2.23450585358145,C/D,False,6,4.89523689915894,3.34854381743382
157,Jayhawk Consulting Services,2.29243245593804,C/D,False,2,5.72388242574298,2.26741084273723
101,Fort Hays State University,2.49529830783316,C/D,False,6,8.13620732808449,-1.09609076993139
879,The Dartmouth Poll,3.68571564886135,C/D,False,4,5.19049997507136,4.40454545454545
